numero_experimento;dataset;estructura_de_datos;cantidad_consultas;tiempo_ejecucion_us
1;auspol2019;Hash_Abierto;10000;376
1;auspol2019;Hash_Abierto;20000;765
1;auspol2019;Hash_Abierto;30000;1156
1;auspol2019;Hash_Abierto;40000;1509
1;auspol2019;Hash_Abierto;50000;1954
1;auspol2019;Hash_Abierto;60000;2379
1;auspol2019;Hash_Abierto;70000;2750
1;auspol2019;Hash_Abierto;80000;3114
1;auspol2019;Hash_Abierto;90000;3476
1;auspol2019;Hash_Abierto;100000;3808
1;auspol2019;Hash_Abierto;110000;4139
1;auspol2019;Hash_Abierto;120000;4450
1;auspol2019;Hash_Abierto;130000;4753
1;auspol2019;Hash_Abierto;140000;5047
1;auspol2019;Hash_Abierto;150000;5400
1;auspol2019;Hash_Abierto;160000;5795
1;auspol2019;Hash_Abierto;170000;6150
1;auspol2019;Hash_Abierto;180000;6460
1;auspol2019;Cerrado_Lineal;10000;361
1;auspol2019;Cerrado_Lineal;20000;737
1;auspol2019;Cerrado_Lineal;30000;1122
1;auspol2019;Cerrado_Lineal;40000;1483
1;auspol2019;Cerrado_Lineal;50000;1842
1;auspol2019;Cerrado_Lineal;60000;2211
1;auspol2019;Cerrado_Lineal;70000;2560
1;auspol2019;Cerrado_Lineal;80000;2919
1;auspol2019;Cerrado_Lineal;90000;3278
1;auspol2019;Cerrado_Lineal;100000;3604
1;auspol2019;Cerrado_Lineal;110000;3919
1;auspol2019;Cerrado_Lineal;120000;4283
1;auspol2019;Cerrado_Lineal;130000;4598
1;auspol2019;Cerrado_Lineal;140000;4903
1;auspol2019;Cerrado_Lineal;150000;5259
1;auspol2019;Cerrado_Lineal;160000;5650
1;auspol2019;Cerrado_Lineal;170000;6012
1;auspol2019;Cerrado_Lineal;180000;6327
1;auspol2019;Cerrado_Cuadratico;10000;334
1;auspol2019;Cerrado_Cuadratico;20000;712
1;auspol2019;Cerrado_Cuadratico;30000;1085
1;auspol2019;Cerrado_Cuadratico;40000;1419
1;auspol2019;Cerrado_Cuadratico;50000;1752
1;auspol2019;Cerrado_Cuadratico;60000;2100
1;auspol2019;Cerrado_Cuadratico;70000;2444
1;auspol2019;Cerrado_Cuadratico;80000;2803
1;auspol2019;Cerrado_Cuadratico;90000;3121
1;auspol2019;Cerrado_Cuadratico;100000;3415
1;auspol2019;Cerrado_Cuadratico;110000;3695
1;auspol2019;Cerrado_Cuadratico;120000;3976
1;auspol2019;Cerrado_Cuadratico;130000;4254
1;auspol2019;Cerrado_Cuadratico;140000;4560
1;auspol2019;Cerrado_Cuadratico;150000;4895
1;auspol2019;Cerrado_Cuadratico;160000;5271
1;auspol2019;Cerrado_Cuadratico;170000;5617
1;auspol2019;Cerrado_Cuadratico;180000;5924
1;auspol2019;Cerrado_Doble;10000;593
1;auspol2019;Cerrado_Doble;20000;1171
1;auspol2019;Cerrado_Doble;30000;1752
1;auspol2019;Cerrado_Doble;40000;2319
1;auspol2019;Cerrado_Doble;50000;2871
1;auspol2019;Cerrado_Doble;60000;3442
1;auspol2019;Cerrado_Doble;70000;3987
1;auspol2019;Cerrado_Doble;80000;4562
1;auspol2019;Cerrado_Doble;90000;5089
1;auspol2019;Cerrado_Doble;100000;5610
1;auspol2019;Cerrado_Doble;110000;6151
1;auspol2019;Cerrado_Doble;120000;6668
1;auspol2019;Cerrado_Doble;130000;7186
1;auspol2019;Cerrado_Doble;140000;7692
1;auspol2019;Cerrado_Doble;150000;8245
1;auspol2019;Cerrado_Doble;160000;8828
1;auspol2019;Cerrado_Doble;170000;9375
1;auspol2019;Cerrado_Doble;180000;9870
1;auspol2019;STL_UnorderedMap;10000;271
1;auspol2019;STL_UnorderedMap;20000;553
1;auspol2019;STL_UnorderedMap;30000;842
1;auspol2019;STL_UnorderedMap;40000;1112
1;auspol2019;STL_UnorderedMap;50000;1374
1;auspol2019;STL_UnorderedMap;60000;1650
1;auspol2019;STL_UnorderedMap;70000;1952
1;auspol2019;STL_UnorderedMap;80000;2240
1;auspol2019;STL_UnorderedMap;90000;2497
1;auspol2019;STL_UnorderedMap;100000;2744
1;auspol2019;STL_UnorderedMap;110000;2980
1;auspol2019;STL_UnorderedMap;120000;3215
1;auspol2019;STL_UnorderedMap;130000;3448
1;auspol2019;STL_UnorderedMap;140000;3670
1;auspol2019;STL_UnorderedMap;150000;3953
1;auspol2019;STL_UnorderedMap;160000;4255
1;auspol2019;STL_UnorderedMap;170000;4531
1;auspol2019;STL_UnorderedMap;180000;4778
2;auspol2019;Hash_Abierto;10000;373
2;auspol2019;Hash_Abierto;20000;815
2;auspol2019;Hash_Abierto;30000;1203
2;auspol2019;Hash_Abierto;40000;1547
2;auspol2019;Hash_Abierto;50000;1891
2;auspol2019;Hash_Abierto;60000;2251
2;auspol2019;Hash_Abierto;70000;2615
2;auspol2019;Hash_Abierto;80000;2969
2;auspol2019;Hash_Abierto;90000;3287
2;auspol2019;Hash_Abierto;100000;3597
2;auspol2019;Hash_Abierto;110000;3895
2;auspol2019;Hash_Abierto;120000;4192
2;auspol2019;Hash_Abierto;130000;4499
2;auspol2019;Hash_Abierto;140000;4788
2;auspol2019;Hash_Abierto;150000;5115
2;auspol2019;Hash_Abierto;160000;5485
2;auspol2019;Hash_Abierto;170000;5832
2;auspol2019;Hash_Abierto;180000;6136
2;auspol2019;Cerrado_Lineal;10000;357
2;auspol2019;Cerrado_Lineal;20000;730
2;auspol2019;Cerrado_Lineal;30000;1125
2;auspol2019;Cerrado_Lineal;40000;1473
2;auspol2019;Cerrado_Lineal;50000;1825
2;auspol2019;Cerrado_Lineal;60000;2188
2;auspol2019;Cerrado_Lineal;70000;2533
2;auspol2019;Cerrado_Lineal;80000;2908
2;auspol2019;Cerrado_Lineal;90000;3236
2;auspol2019;Cerrado_Lineal;100000;3565
2;auspol2019;Cerrado_Lineal;110000;3879
2;auspol2019;Cerrado_Lineal;120000;4190
2;auspol2019;Cerrado_Lineal;130000;4499
2;auspol2019;Cerrado_Lineal;140000;4801
2;auspol2019;Cerrado_Lineal;150000;5179
2;auspol2019;Cerrado_Lineal;160000;5566
2;auspol2019;Cerrado_Lineal;170000;5919
2;auspol2019;Cerrado_Lineal;180000;6230
2;auspol2019;Cerrado_Cuadratico;10000;378
2;auspol2019;Cerrado_Cuadratico;20000;732
2;auspol2019;Cerrado_Cuadratico;30000;1094
2;auspol2019;Cerrado_Cuadratico;40000;1426
2;auspol2019;Cerrado_Cuadratico;50000;1766
2;auspol2019;Cerrado_Cuadratico;60000;2115
2;auspol2019;Cerrado_Cuadratico;70000;2460
2;auspol2019;Cerrado_Cuadratico;80000;2804
2;auspol2019;Cerrado_Cuadratico;90000;3118
2;auspol2019;Cerrado_Cuadratico;100000;3428
2;auspol2019;Cerrado_Cuadratico;110000;3731
2;auspol2019;Cerrado_Cuadratico;120000;4032
2;auspol2019;Cerrado_Cuadratico;130000;4348
2;auspol2019;Cerrado_Cuadratico;140000;4627
2;auspol2019;Cerrado_Cuadratico;150000;4940
2;auspol2019;Cerrado_Cuadratico;160000;5294
2;auspol2019;Cerrado_Cuadratico;170000;5622
2;auspol2019;Cerrado_Cuadratico;180000;5912
2;auspol2019;Cerrado_Doble;10000;554
2;auspol2019;Cerrado_Doble;20000;1129
2;auspol2019;Cerrado_Doble;30000;1710
2;auspol2019;Cerrado_Doble;40000;2281
2;auspol2019;Cerrado_Doble;50000;2829
2;auspol2019;Cerrado_Doble;60000;3393
2;auspol2019;Cerrado_Doble;70000;3948
2;auspol2019;Cerrado_Doble;80000;4509
2;auspol2019;Cerrado_Doble;90000;5034
2;auspol2019;Cerrado_Doble;100000;5559
2;auspol2019;Cerrado_Doble;110000;6100
2;auspol2019;Cerrado_Doble;120000;6618
2;auspol2019;Cerrado_Doble;130000;7134
2;auspol2019;Cerrado_Doble;140000;7638
2;auspol2019;Cerrado_Doble;150000;8674
2;auspol2019;Cerrado_Doble;160000;9377
2;auspol2019;Cerrado_Doble;170000;10049
2;auspol2019;Cerrado_Doble;180000;10618
2;auspol2019;STL_UnorderedMap;10000;272
2;auspol2019;STL_UnorderedMap;20000;571
2;auspol2019;STL_UnorderedMap;30000;863
2;auspol2019;STL_UnorderedMap;40000;1124
2;auspol2019;STL_UnorderedMap;50000;1385
2;auspol2019;STL_UnorderedMap;60000;1661
2;auspol2019;STL_UnorderedMap;70000;1931
2;auspol2019;STL_UnorderedMap;80000;2212
2;auspol2019;STL_UnorderedMap;90000;2479
2;auspol2019;STL_UnorderedMap;100000;2738
2;auspol2019;STL_UnorderedMap;110000;2978
2;auspol2019;STL_UnorderedMap;120000;3215
2;auspol2019;STL_UnorderedMap;130000;3447
2;auspol2019;STL_UnorderedMap;140000;3669
2;auspol2019;STL_UnorderedMap;150000;3926
2;auspol2019;STL_UnorderedMap;160000;4230
2;auspol2019;STL_UnorderedMap;170000;4519
2;auspol2019;STL_UnorderedMap;180000;4766
3;auspol2019;Hash_Abierto;10000;368
3;auspol2019;Hash_Abierto;20000;751
3;auspol2019;Hash_Abierto;30000;1143
3;auspol2019;Hash_Abierto;40000;1494
3;auspol2019;Hash_Abierto;50000;1836
3;auspol2019;Hash_Abierto;60000;2193
3;auspol2019;Hash_Abierto;70000;2531
3;auspol2019;Hash_Abierto;80000;2882
3;auspol2019;Hash_Abierto;90000;3199
3;auspol2019;Hash_Abierto;100000;3523
3;auspol2019;Hash_Abierto;110000;3822
3;auspol2019;Hash_Abierto;120000;4119
3;auspol2019;Hash_Abierto;130000;4411
3;auspol2019;Hash_Abierto;140000;4695
3;auspol2019;Hash_Abierto;150000;5027
3;auspol2019;Hash_Abierto;160000;5404
3;auspol2019;Hash_Abierto;170000;5733
3;auspol2019;Hash_Abierto;180000;6022
3;auspol2019;Cerrado_Lineal;10000;363
3;auspol2019;Cerrado_Lineal;20000;736
3;auspol2019;Cerrado_Lineal;30000;1116
3;auspol2019;Cerrado_Lineal;40000;1462
3;auspol2019;Cerrado_Lineal;50000;1822
3;auspol2019;Cerrado_Lineal;60000;2196
3;auspol2019;Cerrado_Lineal;70000;2708
3;auspol2019;Cerrado_Lineal;80000;3077
3;auspol2019;Cerrado_Lineal;90000;3411
3;auspol2019;Cerrado_Lineal;100000;3739
3;auspol2019;Cerrado_Lineal;110000;4077
3;auspol2019;Cerrado_Lineal;120000;4397
3;auspol2019;Cerrado_Lineal;130000;4714
3;auspol2019;Cerrado_Lineal;140000;5033
3;auspol2019;Cerrado_Lineal;150000;5385
3;auspol2019;Cerrado_Lineal;160000;5829
3;auspol2019;Cerrado_Lineal;170000;6202
3;auspol2019;Cerrado_Lineal;180000;6521
3;auspol2019;Cerrado_Cuadratico;10000;340
3;auspol2019;Cerrado_Cuadratico;20000;700
3;auspol2019;Cerrado_Cuadratico;30000;1082
3;auspol2019;Cerrado_Cuadratico;40000;1420
3;auspol2019;Cerrado_Cuadratico;50000;1759
3;auspol2019;Cerrado_Cuadratico;60000;2114
3;auspol2019;Cerrado_Cuadratico;70000;2451
3;auspol2019;Cerrado_Cuadratico;80000;2812
3;auspol2019;Cerrado_Cuadratico;90000;3135
3;auspol2019;Cerrado_Cuadratico;100000;3437
3;auspol2019;Cerrado_Cuadratico;110000;3731
3;auspol2019;Cerrado_Cuadratico;120000;4023
3;auspol2019;Cerrado_Cuadratico;130000;4325
3;auspol2019;Cerrado_Cuadratico;140000;4625
3;auspol2019;Cerrado_Cuadratico;150000;4968
3;auspol2019;Cerrado_Cuadratico;160000;5336
3;auspol2019;Cerrado_Cuadratico;170000;5678
3;auspol2019;Cerrado_Cuadratico;180000;5984
3;auspol2019;Cerrado_Doble;10000;559
3;auspol2019;Cerrado_Doble;20000;1151
3;auspol2019;Cerrado_Doble;30000;1739
3;auspol2019;Cerrado_Doble;40000;2320
3;auspol2019;Cerrado_Doble;50000;2883
3;auspol2019;Cerrado_Doble;60000;3460
3;auspol2019;Cerrado_Doble;70000;4013
3;auspol2019;Cerrado_Doble;80000;4595
3;auspol2019;Cerrado_Doble;90000;5161
3;auspol2019;Cerrado_Doble;100000;5697
3;auspol2019;Cerrado_Doble;110000;6220
3;auspol2019;Cerrado_Doble;120000;6756
3;auspol2019;Cerrado_Doble;130000;7285
3;auspol2019;Cerrado_Doble;140000;7800
3;auspol2019;Cerrado_Doble;150000;8368
3;auspol2019;Cerrado_Doble;160000;8989
3;auspol2019;Cerrado_Doble;170000;9558
3;auspol2019;Cerrado_Doble;180000;10073
3;auspol2019;STL_UnorderedMap;10000;285
3;auspol2019;STL_UnorderedMap;20000;579
3;auspol2019;STL_UnorderedMap;30000;877
3;auspol2019;STL_UnorderedMap;40000;1141
3;auspol2019;STL_UnorderedMap;50000;1419
3;auspol2019;STL_UnorderedMap;60000;1716
3;auspol2019;STL_UnorderedMap;70000;1992
3;auspol2019;STL_UnorderedMap;80000;2297
3;auspol2019;STL_UnorderedMap;90000;2561
3;auspol2019;STL_UnorderedMap;100000;2817
3;auspol2019;STL_UnorderedMap;110000;3062
3;auspol2019;STL_UnorderedMap;120000;3308
3;auspol2019;STL_UnorderedMap;130000;3550
3;auspol2019;STL_UnorderedMap;140000;3781
3;auspol2019;STL_UnorderedMap;150000;4046
3;auspol2019;STL_UnorderedMap;160000;4358
3;auspol2019;STL_UnorderedMap;170000;4638
3;auspol2019;STL_UnorderedMap;180000;4889
4;auspol2019;Hash_Abierto;10000;378
4;auspol2019;Hash_Abierto;20000;782
4;auspol2019;Hash_Abierto;30000;1171
4;auspol2019;Hash_Abierto;40000;1513
4;auspol2019;Hash_Abierto;50000;1930
4;auspol2019;Hash_Abierto;60000;2347
4;auspol2019;Hash_Abierto;70000;2690
4;auspol2019;Hash_Abierto;80000;3069
4;auspol2019;Hash_Abierto;90000;3407
4;auspol2019;Hash_Abierto;100000;3734
4;auspol2019;Hash_Abierto;110000;4047
4;auspol2019;Hash_Abierto;120000;4366
4;auspol2019;Hash_Abierto;130000;4685
4;auspol2019;Hash_Abierto;140000;4979
4;auspol2019;Hash_Abierto;150000;5319
4;auspol2019;Hash_Abierto;160000;5711
4;auspol2019;Hash_Abierto;170000;6062
4;auspol2019;Hash_Abierto;180000;6372
4;auspol2019;Cerrado_Lineal;10000;386
4;auspol2019;Cerrado_Lineal;20000;762
4;auspol2019;Cerrado_Lineal;30000;1155
4;auspol2019;Cerrado_Lineal;40000;1502
4;auspol2019;Cerrado_Lineal;50000;1849
4;auspol2019;Cerrado_Lineal;60000;2212
4;auspol2019;Cerrado_Lineal;70000;2558
4;auspol2019;Cerrado_Lineal;80000;2932
4;auspol2019;Cerrado_Lineal;90000;3261
4;auspol2019;Cerrado_Lineal;100000;3582
4;auspol2019;Cerrado_Lineal;110000;3896
4;auspol2019;Cerrado_Lineal;120000;4208
4;auspol2019;Cerrado_Lineal;130000;4537
4;auspol2019;Cerrado_Lineal;140000;4853
4;auspol2019;Cerrado_Lineal;150000;5198
4;auspol2019;Cerrado_Lineal;160000;5587
4;auspol2019;Cerrado_Lineal;170000;5942
4;auspol2019;Cerrado_Lineal;180000;6256
4;auspol2019;Cerrado_Cuadratico;10000;349
4;auspol2019;Cerrado_Cuadratico;20000;706
4;auspol2019;Cerrado_Cuadratico;30000;1069
4;auspol2019;Cerrado_Cuadratico;40000;1402
4;auspol2019;Cerrado_Cuadratico;50000;1744
4;auspol2019;Cerrado_Cuadratico;60000;2094
4;auspol2019;Cerrado_Cuadratico;70000;2439
4;auspol2019;Cerrado_Cuadratico;80000;2902
4;auspol2019;Cerrado_Cuadratico;90000;3210
4;auspol2019;Cerrado_Cuadratico;100000;3506
4;auspol2019;Cerrado_Cuadratico;110000;3791
4;auspol2019;Cerrado_Cuadratico;120000;4073
4;auspol2019;Cerrado_Cuadratico;130000;4372
4;auspol2019;Cerrado_Cuadratico;140000;4670
4;auspol2019;Cerrado_Cuadratico;150000;5002
4;auspol2019;Cerrado_Cuadratico;160000;5375
4;auspol2019;Cerrado_Cuadratico;170000;5736
4;auspol2019;Cerrado_Cuadratico;180000;6045
4;auspol2019;Cerrado_Doble;10000;548
4;auspol2019;Cerrado_Doble;20000;1126
4;auspol2019;Cerrado_Doble;30000;1710
4;auspol2019;Cerrado_Doble;40000;2271
4;auspol2019;Cerrado_Doble;50000;2822
4;auspol2019;Cerrado_Doble;60000;3414
4;auspol2019;Cerrado_Doble;70000;3977
4;auspol2019;Cerrado_Doble;80000;4544
4;auspol2019;Cerrado_Doble;90000;5073
4;auspol2019;Cerrado_Doble;100000;5598
4;auspol2019;Cerrado_Doble;110000;6124
4;auspol2019;Cerrado_Doble;120000;6639
4;auspol2019;Cerrado_Doble;130000;7166
4;auspol2019;Cerrado_Doble;140000;7673
4;auspol2019;Cerrado_Doble;150000;8232
4;auspol2019;Cerrado_Doble;160000;8828
4;auspol2019;Cerrado_Doble;170000;9389
4;auspol2019;Cerrado_Doble;180000;9910
4;auspol2019;STL_UnorderedMap;10000;270
4;auspol2019;STL_UnorderedMap;20000;563
4;auspol2019;STL_UnorderedMap;30000;865
4;auspol2019;STL_UnorderedMap;40000;1127
4;auspol2019;STL_UnorderedMap;50000;1390
4;auspol2019;STL_UnorderedMap;60000;1710
4;auspol2019;STL_UnorderedMap;70000;2052
4;auspol2019;STL_UnorderedMap;80000;2355
4;auspol2019;STL_UnorderedMap;90000;2631
4;auspol2019;STL_UnorderedMap;100000;2922
4;auspol2019;STL_UnorderedMap;110000;3242
4;auspol2019;STL_UnorderedMap;120000;3561
4;auspol2019;STL_UnorderedMap;130000;3840
4;auspol2019;STL_UnorderedMap;140000;4114
4;auspol2019;STL_UnorderedMap;150000;4474
4;auspol2019;STL_UnorderedMap;160000;4884
4;auspol2019;STL_UnorderedMap;170000;5249
4;auspol2019;STL_UnorderedMap;180000;5576
5;auspol2019;Hash_Abierto;10000;627
5;auspol2019;Hash_Abierto;20000;1305
5;auspol2019;Hash_Abierto;30000;1952
5;auspol2019;Hash_Abierto;40000;2529
5;auspol2019;Hash_Abierto;50000;3111
5;auspol2019;Hash_Abierto;60000;3698
5;auspol2019;Hash_Abierto;70000;4248
5;auspol2019;Hash_Abierto;80000;4833
5;auspol2019;Hash_Abierto;90000;5381
5;auspol2019;Hash_Abierto;100000;5880
5;auspol2019;Hash_Abierto;110000;6427
5;auspol2019;Hash_Abierto;120000;6960
5;auspol2019;Hash_Abierto;130000;7533
5;auspol2019;Hash_Abierto;140000;8033
5;auspol2019;Hash_Abierto;150000;8638
5;auspol2019;Hash_Abierto;160000;9365
5;auspol2019;Hash_Abierto;170000;9989
5;auspol2019;Hash_Abierto;180000;10520
5;auspol2019;Cerrado_Lineal;10000;555
5;auspol2019;Cerrado_Lineal;20000;1176
5;auspol2019;Cerrado_Lineal;30000;1828
5;auspol2019;Cerrado_Lineal;40000;2358
5;auspol2019;Cerrado_Lineal;50000;2835
5;auspol2019;Cerrado_Lineal;60000;3306
5;auspol2019;Cerrado_Lineal;70000;3748
5;auspol2019;Cerrado_Lineal;80000;4558
5;auspol2019;Cerrado_Lineal;90000;4978
5;auspol2019;Cerrado_Lineal;100000;5376
5;auspol2019;Cerrado_Lineal;110000;5767
5;auspol2019;Cerrado_Lineal;120000;6208
5;auspol2019;Cerrado_Lineal;130000;6696
5;auspol2019;Cerrado_Lineal;140000;7042
5;auspol2019;Cerrado_Lineal;150000;7708
5;auspol2019;Cerrado_Lineal;160000;8360
5;auspol2019;Cerrado_Lineal;170000;8866
5;auspol2019;Cerrado_Lineal;180000;9263
5;auspol2019;Cerrado_Cuadratico;10000;372
5;auspol2019;Cerrado_Cuadratico;20000;762
5;auspol2019;Cerrado_Cuadratico;30000;1149
5;auspol2019;Cerrado_Cuadratico;40000;1504
5;auspol2019;Cerrado_Cuadratico;50000;1982
5;auspol2019;Cerrado_Cuadratico;60000;2374
5;auspol2019;Cerrado_Cuadratico;70000;2723
5;auspol2019;Cerrado_Cuadratico;80000;3081
5;auspol2019;Cerrado_Cuadratico;90000;3432
5;auspol2019;Cerrado_Cuadratico;100000;3753
5;auspol2019;Cerrado_Cuadratico;110000;4063
5;auspol2019;Cerrado_Cuadratico;120000;4450
5;auspol2019;Cerrado_Cuadratico;130000;4805
5;auspol2019;Cerrado_Cuadratico;140000;5192
5;auspol2019;Cerrado_Cuadratico;150000;5582
5;auspol2019;Cerrado_Cuadratico;160000;5985
5;auspol2019;Cerrado_Cuadratico;170000;6369
5;auspol2019;Cerrado_Cuadratico;180000;6697
5;auspol2019;Cerrado_Doble;10000;551
5;auspol2019;Cerrado_Doble;20000;1145
5;auspol2019;Cerrado_Doble;30000;1735
5;auspol2019;Cerrado_Doble;40000;2284
5;auspol2019;Cerrado_Doble;50000;2849
5;auspol2019;Cerrado_Doble;60000;3433
5;auspol2019;Cerrado_Doble;70000;4007
5;auspol2019;Cerrado_Doble;80000;4561
5;auspol2019;Cerrado_Doble;90000;5099
5;auspol2019;Cerrado_Doble;100000;5633
5;auspol2019;Cerrado_Doble;110000;6156
5;auspol2019;Cerrado_Doble;120000;6680
5;auspol2019;Cerrado_Doble;130000;7256
5;auspol2019;Cerrado_Doble;140000;7789
5;auspol2019;Cerrado_Doble;150000;8350
5;auspol2019;Cerrado_Doble;160000;8976
5;auspol2019;Cerrado_Doble;170000;9549
5;auspol2019;Cerrado_Doble;180000;10062
5;auspol2019;STL_UnorderedMap;10000;274
5;auspol2019;STL_UnorderedMap;20000;591
5;auspol2019;STL_UnorderedMap;30000;897
5;auspol2019;STL_UnorderedMap;40000;1163
5;auspol2019;STL_UnorderedMap;50000;1446
5;auspol2019;STL_UnorderedMap;60000;1732
5;auspol2019;STL_UnorderedMap;70000;2006
5;auspol2019;STL_UnorderedMap;80000;2296
5;auspol2019;STL_UnorderedMap;90000;2570
5;auspol2019;STL_UnorderedMap;100000;2831
5;auspol2019;STL_UnorderedMap;110000;3077
5;auspol2019;STL_UnorderedMap;120000;3324
5;auspol2019;STL_UnorderedMap;130000;3566
5;auspol2019;STL_UnorderedMap;140000;3798
5;auspol2019;STL_UnorderedMap;150000;4067
5;auspol2019;STL_UnorderedMap;160000;4370
5;auspol2019;STL_UnorderedMap;170000;4664
5;auspol2019;STL_UnorderedMap;180000;4937
6;auspol2019;Hash_Abierto;10000;368
6;auspol2019;Hash_Abierto;20000;751
6;auspol2019;Hash_Abierto;30000;1148
6;auspol2019;Hash_Abierto;40000;1495
6;auspol2019;Hash_Abierto;50000;1849
6;auspol2019;Hash_Abierto;60000;2223
6;auspol2019;Hash_Abierto;70000;2575
6;auspol2019;Hash_Abierto;80000;2955
6;auspol2019;Hash_Abierto;90000;3290
6;auspol2019;Hash_Abierto;100000;3623
6;auspol2019;Hash_Abierto;110000;3936
6;auspol2019;Hash_Abierto;120000;4245
6;auspol2019;Hash_Abierto;130000;4553
6;auspol2019;Hash_Abierto;140000;4858
6;auspol2019;Hash_Abierto;150000;5200
6;auspol2019;Hash_Abierto;160000;5582
6;auspol2019;Hash_Abierto;170000;5933
6;auspol2019;Hash_Abierto;180000;6242
6;auspol2019;Cerrado_Lineal;10000;346
6;auspol2019;Cerrado_Lineal;20000;714
6;auspol2019;Cerrado_Lineal;30000;1131
6;auspol2019;Cerrado_Lineal;40000;1529
6;auspol2019;Cerrado_Lineal;50000;1901
6;auspol2019;Cerrado_Lineal;60000;2289
6;auspol2019;Cerrado_Lineal;70000;2649
6;auspol2019;Cerrado_Lineal;80000;3034
6;auspol2019;Cerrado_Lineal;90000;3387
6;auspol2019;Cerrado_Lineal;100000;3722
6;auspol2019;Cerrado_Lineal;110000;4058
6;auspol2019;Cerrado_Lineal;120000;4378
6;auspol2019;Cerrado_Lineal;130000;4696
6;auspol2019;Cerrado_Lineal;140000;5005
6;auspol2019;Cerrado_Lineal;150000;5382
6;auspol2019;Cerrado_Lineal;160000;5808
6;auspol2019;Cerrado_Lineal;170000;6188
6;auspol2019;Cerrado_Lineal;180000;6513
6;auspol2019;Cerrado_Cuadratico;10000;346
6;auspol2019;Cerrado_Cuadratico;20000;709
6;auspol2019;Cerrado_Cuadratico;30000;1082
6;auspol2019;Cerrado_Cuadratico;40000;1432
6;auspol2019;Cerrado_Cuadratico;50000;1768
6;auspol2019;Cerrado_Cuadratico;60000;2120
6;auspol2019;Cerrado_Cuadratico;70000;2467
6;auspol2019;Cerrado_Cuadratico;80000;2814
6;auspol2019;Cerrado_Cuadratico;90000;3129
6;auspol2019;Cerrado_Cuadratico;100000;3440
6;auspol2019;Cerrado_Cuadratico;110000;3743
6;auspol2019;Cerrado_Cuadratico;120000;4044
6;auspol2019;Cerrado_Cuadratico;130000;4359
6;auspol2019;Cerrado_Cuadratico;140000;4655
6;auspol2019;Cerrado_Cuadratico;150000;4995
6;auspol2019;Cerrado_Cuadratico;160000;5370
6;auspol2019;Cerrado_Cuadratico;170000;5718
6;auspol2019;Cerrado_Cuadratico;180000;6027
6;auspol2019;Cerrado_Doble;10000;552
6;auspol2019;Cerrado_Doble;20000;1125
6;auspol2019;Cerrado_Doble;30000;1994
6;auspol2019;Cerrado_Doble;40000;2631
6;auspol2019;Cerrado_Doble;50000;3209
6;auspol2019;Cerrado_Doble;60000;3873
6;auspol2019;Cerrado_Doble;70000;4478
6;auspol2019;Cerrado_Doble;80000;5080
6;auspol2019;Cerrado_Doble;90000;5650
6;auspol2019;Cerrado_Doble;100000;6192
6;auspol2019;Cerrado_Doble;110000;6756
6;auspol2019;Cerrado_Doble;120000;7284
6;auspol2019;Cerrado_Doble;130000;7825
6;auspol2019;Cerrado_Doble;140000;8342
6;auspol2019;Cerrado_Doble;150000;8916
6;auspol2019;Cerrado_Doble;160000;9588
6;auspol2019;Cerrado_Doble;170000;10188
6;auspol2019;Cerrado_Doble;180000;10744
6;auspol2019;STL_UnorderedMap;10000;285
6;auspol2019;STL_UnorderedMap;20000;571
6;auspol2019;STL_UnorderedMap;30000;861
6;auspol2019;STL_UnorderedMap;40000;1121
6;auspol2019;STL_UnorderedMap;50000;1389
6;auspol2019;STL_UnorderedMap;60000;1666
6;auspol2019;STL_UnorderedMap;70000;1933
6;auspol2019;STL_UnorderedMap;80000;2227
6;auspol2019;STL_UnorderedMap;90000;2485
6;auspol2019;STL_UnorderedMap;100000;2734
6;auspol2019;STL_UnorderedMap;110000;2971
6;auspol2019;STL_UnorderedMap;120000;3218
6;auspol2019;STL_UnorderedMap;130000;3452
6;auspol2019;STL_UnorderedMap;140000;3675
6;auspol2019;STL_UnorderedMap;150000;3947
6;auspol2019;STL_UnorderedMap;160000;4300
6;auspol2019;STL_UnorderedMap;170000;4594
6;auspol2019;STL_UnorderedMap;180000;4842
7;auspol2019;Hash_Abierto;10000;404
7;auspol2019;Hash_Abierto;20000;804
7;auspol2019;Hash_Abierto;30000;1196
7;auspol2019;Hash_Abierto;40000;1549
7;auspol2019;Hash_Abierto;50000;1895
7;auspol2019;Hash_Abierto;60000;2237
7;auspol2019;Hash_Abierto;70000;2569
7;auspol2019;Hash_Abierto;80000;2901
7;auspol2019;Hash_Abierto;90000;3192
7;auspol2019;Hash_Abierto;100000;3473
7;auspol2019;Hash_Abierto;110000;3741
7;auspol2019;Hash_Abierto;120000;4007
7;auspol2019;Hash_Abierto;130000;4269
7;auspol2019;Hash_Abierto;140000;4566
7;auspol2019;Hash_Abierto;150000;4899
7;auspol2019;Hash_Abierto;160000;5281
7;auspol2019;Hash_Abierto;170000;5643
7;auspol2019;Hash_Abierto;180000;5954
7;auspol2019;Cerrado_Lineal;10000;354
7;auspol2019;Cerrado_Lineal;20000;727
7;auspol2019;Cerrado_Lineal;30000;1130
7;auspol2019;Cerrado_Lineal;40000;1479
7;auspol2019;Cerrado_Lineal;50000;1827
7;auspol2019;Cerrado_Lineal;60000;2189
7;auspol2019;Cerrado_Lineal;70000;2545
7;auspol2019;Cerrado_Lineal;80000;2901
7;auspol2019;Cerrado_Lineal;90000;3239
7;auspol2019;Cerrado_Lineal;100000;3559
7;auspol2019;Cerrado_Lineal;110000;3871
7;auspol2019;Cerrado_Lineal;120000;4181
7;auspol2019;Cerrado_Lineal;130000;4491
7;auspol2019;Cerrado_Lineal;140000;4795
7;auspol2019;Cerrado_Lineal;150000;5152
7;auspol2019;Cerrado_Lineal;160000;5548
7;auspol2019;Cerrado_Lineal;170000;5945
7;auspol2019;Cerrado_Lineal;180000;6293
7;auspol2019;Cerrado_Cuadratico;10000;346
7;auspol2019;Cerrado_Cuadratico;20000;700
7;auspol2019;Cerrado_Cuadratico;30000;1062
7;auspol2019;Cerrado_Cuadratico;40000;1394
7;auspol2019;Cerrado_Cuadratico;50000;1725
7;auspol2019;Cerrado_Cuadratico;60000;2071
7;auspol2019;Cerrado_Cuadratico;70000;2404
7;auspol2019;Cerrado_Cuadratico;80000;2731
7;auspol2019;Cerrado_Cuadratico;90000;3029
7;auspol2019;Cerrado_Cuadratico;100000;3323
7;auspol2019;Cerrado_Cuadratico;110000;3619
7;auspol2019;Cerrado_Cuadratico;120000;3904
7;auspol2019;Cerrado_Cuadratico;130000;4202
7;auspol2019;Cerrado_Cuadratico;140000;4496
7;auspol2019;Cerrado_Cuadratico;150000;4823
7;auspol2019;Cerrado_Cuadratico;160000;5189
7;auspol2019;Cerrado_Cuadratico;170000;5530
7;auspol2019;Cerrado_Cuadratico;180000;5857
7;auspol2019;Cerrado_Doble;10000;581
7;auspol2019;Cerrado_Doble;20000;1163
7;auspol2019;Cerrado_Doble;30000;1746
7;auspol2019;Cerrado_Doble;40000;2304
7;auspol2019;Cerrado_Doble;50000;2851
7;auspol2019;Cerrado_Doble;60000;3417
7;auspol2019;Cerrado_Doble;70000;3974
7;auspol2019;Cerrado_Doble;80000;4541
7;auspol2019;Cerrado_Doble;90000;5073
7;auspol2019;Cerrado_Doble;100000;5607
7;auspol2019;Cerrado_Doble;110000;6150
7;auspol2019;Cerrado_Doble;120000;6671
7;auspol2019;Cerrado_Doble;130000;7293
7;auspol2019;Cerrado_Doble;140000;7859
7;auspol2019;Cerrado_Doble;150000;8480
7;auspol2019;Cerrado_Doble;160000;9157
7;auspol2019;Cerrado_Doble;170000;9769
7;auspol2019;Cerrado_Doble;180000;10302
7;auspol2019;STL_UnorderedMap;10000;271
7;auspol2019;STL_UnorderedMap;20000;610
7;auspol2019;STL_UnorderedMap;30000;932
7;auspol2019;STL_UnorderedMap;40000;1263
7;auspol2019;STL_UnorderedMap;50000;1568
7;auspol2019;STL_UnorderedMap;60000;2011
7;auspol2019;STL_UnorderedMap;70000;2370
7;auspol2019;STL_UnorderedMap;80000;2738
7;auspol2019;STL_UnorderedMap;90000;3030
7;auspol2019;STL_UnorderedMap;100000;3313
7;auspol2019;STL_UnorderedMap;110000;3568
7;auspol2019;STL_UnorderedMap;120000;3838
7;auspol2019;STL_UnorderedMap;130000;4087
7;auspol2019;STL_UnorderedMap;140000;4322
7;auspol2019;STL_UnorderedMap;150000;4607
7;auspol2019;STL_UnorderedMap;160000;4941
7;auspol2019;STL_UnorderedMap;170000;5238
7;auspol2019;STL_UnorderedMap;180000;5496
8;auspol2019;Hash_Abierto;10000;387
8;auspol2019;Hash_Abierto;20000;780
8;auspol2019;Hash_Abierto;30000;1172
8;auspol2019;Hash_Abierto;40000;1543
8;auspol2019;Hash_Abierto;50000;1898
8;auspol2019;Hash_Abierto;60000;2269
8;auspol2019;Hash_Abierto;70000;2617
8;auspol2019;Hash_Abierto;80000;2978
8;auspol2019;Hash_Abierto;90000;3300
8;auspol2019;Hash_Abierto;100000;3640
8;auspol2019;Hash_Abierto;110000;3919
8;auspol2019;Hash_Abierto;120000;4189
8;auspol2019;Hash_Abierto;130000;4454
8;auspol2019;Hash_Abierto;140000;4711
8;auspol2019;Hash_Abierto;150000;5019
8;auspol2019;Hash_Abierto;160000;5416
8;auspol2019;Hash_Abierto;170000;5781
8;auspol2019;Hash_Abierto;180000;6090
8;auspol2019;Cerrado_Lineal;10000;377
8;auspol2019;Cerrado_Lineal;20000;749
8;auspol2019;Cerrado_Lineal;30000;1128
8;auspol2019;Cerrado_Lineal;40000;1475
8;auspol2019;Cerrado_Lineal;50000;1821
8;auspol2019;Cerrado_Lineal;60000;2197
8;auspol2019;Cerrado_Lineal;70000;2543
8;auspol2019;Cerrado_Lineal;80000;2898
8;auspol2019;Cerrado_Lineal;90000;3223
8;auspol2019;Cerrado_Lineal;100000;3540
8;auspol2019;Cerrado_Lineal;110000;3851
8;auspol2019;Cerrado_Lineal;120000;4182
8;auspol2019;Cerrado_Lineal;130000;4495
8;auspol2019;Cerrado_Lineal;140000;4856
8;auspol2019;Cerrado_Lineal;150000;5211
8;auspol2019;Cerrado_Lineal;160000;5609
8;auspol2019;Cerrado_Lineal;170000;5970
8;auspol2019;Cerrado_Lineal;180000;6300
8;auspol2019;Cerrado_Cuadratico;10000;334
8;auspol2019;Cerrado_Cuadratico;20000;688
8;auspol2019;Cerrado_Cuadratico;30000;1052
8;auspol2019;Cerrado_Cuadratico;40000;1413
8;auspol2019;Cerrado_Cuadratico;50000;1753
8;auspol2019;Cerrado_Cuadratico;60000;2106
8;auspol2019;Cerrado_Cuadratico;70000;2444
8;auspol2019;Cerrado_Cuadratico;80000;2794
8;auspol2019;Cerrado_Cuadratico;90000;3127
8;auspol2019;Cerrado_Cuadratico;100000;3462
8;auspol2019;Cerrado_Cuadratico;110000;3778
8;auspol2019;Cerrado_Cuadratico;120000;4088
8;auspol2019;Cerrado_Cuadratico;130000;4398
8;auspol2019;Cerrado_Cuadratico;140000;4698
8;auspol2019;Cerrado_Cuadratico;150000;5048
8;auspol2019;Cerrado_Cuadratico;160000;5534
8;auspol2019;Cerrado_Cuadratico;170000;5906
8;auspol2019;Cerrado_Cuadratico;180000;6223
8;auspol2019;Cerrado_Doble;10000;556
8;auspol2019;Cerrado_Doble;20000;1114
8;auspol2019;Cerrado_Doble;30000;1690
8;auspol2019;Cerrado_Doble;40000;2218
8;auspol2019;Cerrado_Doble;50000;2782
8;auspol2019;Cerrado_Doble;60000;3351
8;auspol2019;Cerrado_Doble;70000;3897
8;auspol2019;Cerrado_Doble;80000;4458
8;auspol2019;Cerrado_Doble;90000;5002
8;auspol2019;Cerrado_Doble;100000;5531
8;auspol2019;Cerrado_Doble;110000;6052
8;auspol2019;Cerrado_Doble;120000;6609
8;auspol2019;Cerrado_Doble;130000;7138
8;auspol2019;Cerrado_Doble;140000;7653
8;auspol2019;Cerrado_Doble;150000;8242
8;auspol2019;Cerrado_Doble;160000;8956
8;auspol2019;Cerrado_Doble;170000;9571
8;auspol2019;Cerrado_Doble;180000;10098
8;auspol2019;STL_UnorderedMap;10000;276
8;auspol2019;STL_UnorderedMap;20000;559
8;auspol2019;STL_UnorderedMap;30000;871
8;auspol2019;STL_UnorderedMap;40000;1137
8;auspol2019;STL_UnorderedMap;50000;1407
8;auspol2019;STL_UnorderedMap;60000;1688
8;auspol2019;STL_UnorderedMap;70000;1971
8;auspol2019;STL_UnorderedMap;80000;2260
8;auspol2019;STL_UnorderedMap;90000;2515
8;auspol2019;STL_UnorderedMap;100000;2764
8;auspol2019;STL_UnorderedMap;110000;3002
8;auspol2019;STL_UnorderedMap;120000;3238
8;auspol2019;STL_UnorderedMap;130000;3470
8;auspol2019;STL_UnorderedMap;140000;3692
8;auspol2019;STL_UnorderedMap;150000;3978
8;auspol2019;STL_UnorderedMap;160000;4284
8;auspol2019;STL_UnorderedMap;170000;4562
8;auspol2019;STL_UnorderedMap;180000;4810
9;auspol2019;Hash_Abierto;10000;402
9;auspol2019;Hash_Abierto;20000;794
9;auspol2019;Hash_Abierto;30000;1186
9;auspol2019;Hash_Abierto;40000;1533
9;auspol2019;Hash_Abierto;50000;1881
9;auspol2019;Hash_Abierto;60000;2244
9;auspol2019;Hash_Abierto;70000;2611
9;auspol2019;Hash_Abierto;80000;2970
9;auspol2019;Hash_Abierto;90000;3290
9;auspol2019;Hash_Abierto;100000;3602
9;auspol2019;Hash_Abierto;110000;3902
9;auspol2019;Hash_Abierto;120000;4199
9;auspol2019;Hash_Abierto;130000;4507
9;auspol2019;Hash_Abierto;140000;4795
9;auspol2019;Hash_Abierto;150000;5124
9;auspol2019;Hash_Abierto;160000;5512
9;auspol2019;Hash_Abierto;170000;5857
9;auspol2019;Hash_Abierto;180000;6161
9;auspol2019;Cerrado_Lineal;10000;346
9;auspol2019;Cerrado_Lineal;20000;713
9;auspol2019;Cerrado_Lineal;30000;1104
9;auspol2019;Cerrado_Lineal;40000;1450
9;auspol2019;Cerrado_Lineal;50000;1795
9;auspol2019;Cerrado_Lineal;60000;2155
9;auspol2019;Cerrado_Lineal;70000;2497
9;auspol2019;Cerrado_Lineal;80000;2871
9;auspol2019;Cerrado_Lineal;90000;3340
9;auspol2019;Cerrado_Lineal;100000;3700
9;auspol2019;Cerrado_Lineal;110000;4019
9;auspol2019;Cerrado_Lineal;120000;4333
9;auspol2019;Cerrado_Lineal;130000;4646
9;auspol2019;Cerrado_Lineal;140000;4996
9;auspol2019;Cerrado_Lineal;150000;5347
9;auspol2019;Cerrado_Lineal;160000;5743
9;auspol2019;Cerrado_Lineal;170000;6103
9;auspol2019;Cerrado_Lineal;180000;6419
9;auspol2019;Cerrado_Cuadratico;10000;335
9;auspol2019;Cerrado_Cuadratico;20000;688
9;auspol2019;Cerrado_Cuadratico;30000;1068
9;auspol2019;Cerrado_Cuadratico;40000;1401
9;auspol2019;Cerrado_Cuadratico;50000;1733
9;auspol2019;Cerrado_Cuadratico;60000;2093
9;auspol2019;Cerrado_Cuadratico;70000;2425
9;auspol2019;Cerrado_Cuadratico;80000;2767
9;auspol2019;Cerrado_Cuadratico;90000;3080
9;auspol2019;Cerrado_Cuadratico;100000;3389
9;auspol2019;Cerrado_Cuadratico;110000;3691
9;auspol2019;Cerrado_Cuadratico;120000;4037
9;auspol2019;Cerrado_Cuadratico;130000;4343
9;auspol2019;Cerrado_Cuadratico;140000;4638
9;auspol2019;Cerrado_Cuadratico;150000;4964
9;auspol2019;Cerrado_Cuadratico;160000;5335
9;auspol2019;Cerrado_Cuadratico;170000;5673
9;auspol2019;Cerrado_Cuadratico;180000;6002
9;auspol2019;Cerrado_Doble;10000;543
9;auspol2019;Cerrado_Doble;20000;1115
9;auspol2019;Cerrado_Doble;30000;1725
9;auspol2019;Cerrado_Doble;40000;2270
9;auspol2019;Cerrado_Doble;50000;2819
9;auspol2019;Cerrado_Doble;60000;3384
9;auspol2019;Cerrado_Doble;70000;3942
9;auspol2019;Cerrado_Doble;80000;4511
9;auspol2019;Cerrado_Doble;90000;5038
9;auspol2019;Cerrado_Doble;100000;5666
9;auspol2019;Cerrado_Doble;110000;6208
9;auspol2019;Cerrado_Doble;120000;6733
9;auspol2019;Cerrado_Doble;130000;7267
9;auspol2019;Cerrado_Doble;140000;7760
9;auspol2019;Cerrado_Doble;150000;8342
9;auspol2019;Cerrado_Doble;160000;8963
9;auspol2019;Cerrado_Doble;170000;9552
9;auspol2019;Cerrado_Doble;180000;10069
9;auspol2019;STL_UnorderedMap;10000;270
9;auspol2019;STL_UnorderedMap;20000;549
9;auspol2019;STL_UnorderedMap;30000;850
9;auspol2019;STL_UnorderedMap;40000;1110
9;auspol2019;STL_UnorderedMap;50000;1370
9;auspol2019;STL_UnorderedMap;60000;1644
9;auspol2019;STL_UnorderedMap;70000;1906
9;auspol2019;STL_UnorderedMap;80000;2182
9;auspol2019;STL_UnorderedMap;90000;2430
9;auspol2019;STL_UnorderedMap;100000;2671
9;auspol2019;STL_UnorderedMap;110000;2919
9;auspol2019;STL_UnorderedMap;120000;3166
9;auspol2019;STL_UnorderedMap;130000;3395
9;auspol2019;STL_UnorderedMap;140000;3614
9;auspol2019;STL_UnorderedMap;150000;3866
9;auspol2019;STL_UnorderedMap;160000;4173
9;auspol2019;STL_UnorderedMap;170000;4446
9;auspol2019;STL_UnorderedMap;180000;4689
10;auspol2019;Hash_Abierto;10000;370
10;auspol2019;Hash_Abierto;20000;745
10;auspol2019;Hash_Abierto;30000;1132
10;auspol2019;Hash_Abierto;40000;1486
10;auspol2019;Hash_Abierto;50000;1837
10;auspol2019;Hash_Abierto;60000;2192
10;auspol2019;Hash_Abierto;70000;2527
10;auspol2019;Hash_Abierto;80000;2875
10;auspol2019;Hash_Abierto;90000;3259
10;auspol2019;Hash_Abierto;100000;3582
10;auspol2019;Hash_Abierto;110000;3889
10;auspol2019;Hash_Abierto;120000;4193
10;auspol2019;Hash_Abierto;130000;4493
10;auspol2019;Hash_Abierto;140000;4807
10;auspol2019;Hash_Abierto;150000;5143
10;auspol2019;Hash_Abierto;160000;5573
10;auspol2019;Hash_Abierto;170000;5929
10;auspol2019;Hash_Abierto;180000;6237
10;auspol2019;Cerrado_Lineal;10000;359
10;auspol2019;Cerrado_Lineal;20000;1005
10;auspol2019;Cerrado_Lineal;30000;1599
10;auspol2019;Cerrado_Lineal;40000;1974
10;auspol2019;Cerrado_Lineal;50000;2348
10;auspol2019;Cerrado_Lineal;60000;2727
10;auspol2019;Cerrado_Lineal;70000;3082
10;auspol2019;Cerrado_Lineal;80000;3450
10;auspol2019;Cerrado_Lineal;90000;3785
10;auspol2019;Cerrado_Lineal;100000;4113
10;auspol2019;Cerrado_Lineal;110000;4443
10;auspol2019;Cerrado_Lineal;120000;4759
10;auspol2019;Cerrado_Lineal;130000;5075
10;auspol2019;Cerrado_Lineal;140000;5382
10;auspol2019;Cerrado_Lineal;150000;5753
10;auspol2019;Cerrado_Lineal;160000;6156
10;auspol2019;Cerrado_Lineal;170000;6530
10;auspol2019;Cerrado_Lineal;180000;6849
10;auspol2019;Cerrado_Cuadratico;10000;333
10;auspol2019;Cerrado_Cuadratico;20000;687
10;auspol2019;Cerrado_Cuadratico;30000;1061
10;auspol2019;Cerrado_Cuadratico;40000;1395
10;auspol2019;Cerrado_Cuadratico;50000;1728
10;auspol2019;Cerrado_Cuadratico;60000;2075
10;auspol2019;Cerrado_Cuadratico;70000;2436
10;auspol2019;Cerrado_Cuadratico;80000;2781
10;auspol2019;Cerrado_Cuadratico;90000;3107
10;auspol2019;Cerrado_Cuadratico;100000;3419
10;auspol2019;Cerrado_Cuadratico;110000;3723
10;auspol2019;Cerrado_Cuadratico;120000;4024
10;auspol2019;Cerrado_Cuadratico;130000;4325
10;auspol2019;Cerrado_Cuadratico;140000;4617
10;auspol2019;Cerrado_Cuadratico;150000;4943
10;auspol2019;Cerrado_Cuadratico;160000;5319
10;auspol2019;Cerrado_Cuadratico;170000;5664
10;auspol2019;Cerrado_Cuadratico;180000;5968
10;auspol2019;Cerrado_Doble;10000;545
10;auspol2019;Cerrado_Doble;20000;1139
10;auspol2019;Cerrado_Doble;30000;1722
10;auspol2019;Cerrado_Doble;40000;2266
10;auspol2019;Cerrado_Doble;50000;2910
10;auspol2019;Cerrado_Doble;60000;4301
10;auspol2019;Cerrado_Doble;70000;4877
10;auspol2019;Cerrado_Doble;80000;5454
10;auspol2019;Cerrado_Doble;90000;5989
10;auspol2019;Cerrado_Doble;100000;6521
10;auspol2019;Cerrado_Doble;110000;7521
10;auspol2019;Cerrado_Doble;120000;8126
10;auspol2019;Cerrado_Doble;130000;8676
10;auspol2019;Cerrado_Doble;140000;9197
10;auspol2019;Cerrado_Doble;150000;9760
10;auspol2019;Cerrado_Doble;160000;10380
10;auspol2019;Cerrado_Doble;170000;10969
10;auspol2019;Cerrado_Doble;180000;11491
10;auspol2019;STL_UnorderedMap;10000;281
10;auspol2019;STL_UnorderedMap;20000;576
10;auspol2019;STL_UnorderedMap;30000;872
10;auspol2019;STL_UnorderedMap;40000;1133
10;auspol2019;STL_UnorderedMap;50000;1395
10;auspol2019;STL_UnorderedMap;60000;1674
10;auspol2019;STL_UnorderedMap;70000;1941
10;auspol2019;STL_UnorderedMap;80000;2223
10;auspol2019;STL_UnorderedMap;90000;2476
10;auspol2019;STL_UnorderedMap;100000;2741
10;auspol2019;STL_UnorderedMap;110000;2980
10;auspol2019;STL_UnorderedMap;120000;3217
10;auspol2019;STL_UnorderedMap;130000;3449
10;auspol2019;STL_UnorderedMap;140000;3671
10;auspol2019;STL_UnorderedMap;150000;3928
10;auspol2019;STL_UnorderedMap;160000;4240
10;auspol2019;STL_UnorderedMap;170000;4514
10;auspol2019;STL_UnorderedMap;180000;4774
11;auspol2019;Hash_Abierto;10000;377
11;auspol2019;Hash_Abierto;20000;757
11;auspol2019;Hash_Abierto;30000;1149
11;auspol2019;Hash_Abierto;40000;1532
11;auspol2019;Hash_Abierto;50000;1886
11;auspol2019;Hash_Abierto;60000;2249
11;auspol2019;Hash_Abierto;70000;2598
11;auspol2019;Hash_Abierto;80000;2954
11;auspol2019;Hash_Abierto;90000;3311
11;auspol2019;Hash_Abierto;100000;3627
11;auspol2019;Hash_Abierto;110000;3928
11;auspol2019;Hash_Abierto;120000;4226
11;auspol2019;Hash_Abierto;130000;4520
11;auspol2019;Hash_Abierto;140000;4806
11;auspol2019;Hash_Abierto;150000;5144
11;auspol2019;Hash_Abierto;160000;5517
11;auspol2019;Hash_Abierto;170000;5855
11;auspol2019;Hash_Abierto;180000;6156
11;auspol2019;Cerrado_Lineal;10000;353
11;auspol2019;Cerrado_Lineal;20000;726
11;auspol2019;Cerrado_Lineal;30000;1108
11;auspol2019;Cerrado_Lineal;40000;1465
11;auspol2019;Cerrado_Lineal;50000;1823
11;auspol2019;Cerrado_Lineal;60000;2186
11;auspol2019;Cerrado_Lineal;70000;2530
11;auspol2019;Cerrado_Lineal;80000;2883
11;auspol2019;Cerrado_Lineal;90000;3242
11;auspol2019;Cerrado_Lineal;100000;3576
11;auspol2019;Cerrado_Lineal;110000;3891
11;auspol2019;Cerrado_Lineal;120000;4201
11;auspol2019;Cerrado_Lineal;130000;4510
11;auspol2019;Cerrado_Lineal;140000;4812
11;auspol2019;Cerrado_Lineal;150000;5150
11;auspol2019;Cerrado_Lineal;160000;5567
11;auspol2019;Cerrado_Lineal;170000;5918
11;auspol2019;Cerrado_Lineal;180000;6237
11;auspol2019;Cerrado_Cuadratico;10000;344
11;auspol2019;Cerrado_Cuadratico;20000;700
11;auspol2019;Cerrado_Cuadratico;30000;1076
11;auspol2019;Cerrado_Cuadratico;40000;1409
11;auspol2019;Cerrado_Cuadratico;50000;1742
11;auspol2019;Cerrado_Cuadratico;60000;2090
11;auspol2019;Cerrado_Cuadratico;70000;2422
11;auspol2019;Cerrado_Cuadratico;80000;2772
11;auspol2019;Cerrado_Cuadratico;90000;3123
11;auspol2019;Cerrado_Cuadratico;100000;3437
11;auspol2019;Cerrado_Cuadratico;110000;3743
11;auspol2019;Cerrado_Cuadratico;120000;4061
11;auspol2019;Cerrado_Cuadratico;130000;4377
11;auspol2019;Cerrado_Cuadratico;140000;4674
11;auspol2019;Cerrado_Cuadratico;150000;5016
11;auspol2019;Cerrado_Cuadratico;160000;5386
11;auspol2019;Cerrado_Cuadratico;170000;5729
11;auspol2019;Cerrado_Cuadratico;180000;6033
11;auspol2019;Cerrado_Doble;10000;554
11;auspol2019;Cerrado_Doble;20000;1128
11;auspol2019;Cerrado_Doble;30000;1712
11;auspol2019;Cerrado_Doble;40000;2277
11;auspol2019;Cerrado_Doble;50000;2840
11;auspol2019;Cerrado_Doble;60000;3408
11;auspol2019;Cerrado_Doble;70000;3954
11;auspol2019;Cerrado_Doble;80000;4527
11;auspol2019;Cerrado_Doble;90000;5055
11;auspol2019;Cerrado_Doble;100000;5578
11;auspol2019;Cerrado_Doble;110000;6101
11;auspol2019;Cerrado_Doble;120000;6624
11;auspol2019;Cerrado_Doble;130000;7134
11;auspol2019;Cerrado_Doble;140000;7627
11;auspol2019;Cerrado_Doble;150000;8154
11;auspol2019;Cerrado_Doble;160000;8773
11;auspol2019;Cerrado_Doble;170000;9340
11;auspol2019;Cerrado_Doble;180000;9863
11;auspol2019;STL_UnorderedMap;10000;269
11;auspol2019;STL_UnorderedMap;20000;565
11;auspol2019;STL_UnorderedMap;30000;855
11;auspol2019;STL_UnorderedMap;40000;1115
11;auspol2019;STL_UnorderedMap;50000;1386
11;auspol2019;STL_UnorderedMap;60000;1664
11;auspol2019;STL_UnorderedMap;70000;1928
11;auspol2019;STL_UnorderedMap;80000;2223
11;auspol2019;STL_UnorderedMap;90000;2498
11;auspol2019;STL_UnorderedMap;100000;2748
11;auspol2019;STL_UnorderedMap;110000;2986
11;auspol2019;STL_UnorderedMap;120000;3226
11;auspol2019;STL_UnorderedMap;130000;3466
11;auspol2019;STL_UnorderedMap;140000;3709
11;auspol2019;STL_UnorderedMap;150000;4004
11;auspol2019;STL_UnorderedMap;160000;4352
11;auspol2019;STL_UnorderedMap;170000;4655
11;auspol2019;STL_UnorderedMap;180000;4917
12;auspol2019;Hash_Abierto;10000;411
12;auspol2019;Hash_Abierto;20000;838
12;auspol2019;Hash_Abierto;30000;1262
12;auspol2019;Hash_Abierto;40000;1650
12;auspol2019;Hash_Abierto;50000;2047
12;auspol2019;Hash_Abierto;60000;2472
12;auspol2019;Hash_Abierto;70000;2870
12;auspol2019;Hash_Abierto;80000;3271
12;auspol2019;Hash_Abierto;90000;3615
12;auspol2019;Hash_Abierto;100000;3946
12;auspol2019;Hash_Abierto;110000;4263
12;auspol2019;Hash_Abierto;120000;4583
12;auspol2019;Hash_Abierto;130000;4912
12;auspol2019;Hash_Abierto;140000;5260
12;auspol2019;Hash_Abierto;150000;5674
12;auspol2019;Hash_Abierto;160000;6176
12;auspol2019;Hash_Abierto;170000;6595
12;auspol2019;Hash_Abierto;180000;6951
12;auspol2019;Cerrado_Lineal;10000;356
12;auspol2019;Cerrado_Lineal;20000;736
12;auspol2019;Cerrado_Lineal;30000;1114
12;auspol2019;Cerrado_Lineal;40000;1498
12;auspol2019;Cerrado_Lineal;50000;1849
12;auspol2019;Cerrado_Lineal;60000;2227
12;auspol2019;Cerrado_Lineal;70000;2573
12;auspol2019;Cerrado_Lineal;80000;3050
12;auspol2019;Cerrado_Lineal;90000;3876
12;auspol2019;Cerrado_Lineal;100000;4372
12;auspol2019;Cerrado_Lineal;110000;4766
12;auspol2019;Cerrado_Lineal;120000;5167
12;auspol2019;Cerrado_Lineal;130000;5504
12;auspol2019;Cerrado_Lineal;140000;5832
12;auspol2019;Cerrado_Lineal;150000;6252
12;auspol2019;Cerrado_Lineal;160000;6709
12;auspol2019;Cerrado_Lineal;170000;7106
12;auspol2019;Cerrado_Lineal;180000;7447
12;auspol2019;Cerrado_Cuadratico;10000;340
12;auspol2019;Cerrado_Cuadratico;20000;698
12;auspol2019;Cerrado_Cuadratico;30000;1076
12;auspol2019;Cerrado_Cuadratico;40000;1413
12;auspol2019;Cerrado_Cuadratico;50000;1749
12;auspol2019;Cerrado_Cuadratico;60000;2101
12;auspol2019;Cerrado_Cuadratico;70000;2422
12;auspol2019;Cerrado_Cuadratico;80000;2751
12;auspol2019;Cerrado_Cuadratico;90000;3091
12;auspol2019;Cerrado_Cuadratico;100000;3406
12;auspol2019;Cerrado_Cuadratico;110000;3718
12;auspol2019;Cerrado_Cuadratico;120000;4035
12;auspol2019;Cerrado_Cuadratico;130000;4341
12;auspol2019;Cerrado_Cuadratico;140000;4651
12;auspol2019;Cerrado_Cuadratico;150000;4988
12;auspol2019;Cerrado_Cuadratico;160000;5366
12;auspol2019;Cerrado_Cuadratico;170000;5710
12;auspol2019;Cerrado_Cuadratico;180000;6032
12;auspol2019;Cerrado_Doble;10000;543
12;auspol2019;Cerrado_Doble;20000;1117
12;auspol2019;Cerrado_Doble;30000;1712
12;auspol2019;Cerrado_Doble;40000;2257
12;auspol2019;Cerrado_Doble;50000;2868
12;auspol2019;Cerrado_Doble;60000;3458
12;auspol2019;Cerrado_Doble;70000;3993
12;auspol2019;Cerrado_Doble;80000;4539
12;auspol2019;Cerrado_Doble;90000;5049
12;auspol2019;Cerrado_Doble;100000;5574
12;auspol2019;Cerrado_Doble;110000;6090
12;auspol2019;Cerrado_Doble;120000;6614
12;auspol2019;Cerrado_Doble;130000;7132
12;auspol2019;Cerrado_Doble;140000;7650
12;auspol2019;Cerrado_Doble;150000;8195
12;auspol2019;Cerrado_Doble;160000;8805
12;auspol2019;Cerrado_Doble;170000;9367
12;auspol2019;Cerrado_Doble;180000;10007
12;auspol2019;STL_UnorderedMap;10000;273
12;auspol2019;STL_UnorderedMap;20000;557
12;auspol2019;STL_UnorderedMap;30000;847
12;auspol2019;STL_UnorderedMap;40000;1154
12;auspol2019;STL_UnorderedMap;50000;1421
12;auspol2019;STL_UnorderedMap;60000;1701
12;auspol2019;STL_UnorderedMap;70000;1968
12;auspol2019;STL_UnorderedMap;80000;2249
12;auspol2019;STL_UnorderedMap;90000;2502
12;auspol2019;STL_UnorderedMap;100000;2750
12;auspol2019;STL_UnorderedMap;110000;2999
12;auspol2019;STL_UnorderedMap;120000;3258
12;auspol2019;STL_UnorderedMap;130000;3494
12;auspol2019;STL_UnorderedMap;140000;3717
12;auspol2019;STL_UnorderedMap;150000;3984
12;auspol2019;STL_UnorderedMap;160000;4281
12;auspol2019;STL_UnorderedMap;170000;4555
12;auspol2019;STL_UnorderedMap;180000;4800
13;auspol2019;Hash_Abierto;10000;372
13;auspol2019;Hash_Abierto;20000;749
13;auspol2019;Hash_Abierto;30000;1131
13;auspol2019;Hash_Abierto;40000;1474
13;auspol2019;Hash_Abierto;50000;1828
13;auspol2019;Hash_Abierto;60000;2188
13;auspol2019;Hash_Abierto;70000;2544
13;auspol2019;Hash_Abierto;80000;2898
13;auspol2019;Hash_Abierto;90000;3213
13;auspol2019;Hash_Abierto;100000;3533
13;auspol2019;Hash_Abierto;110000;3834
13;auspol2019;Hash_Abierto;120000;4130
13;auspol2019;Hash_Abierto;130000;4423
13;auspol2019;Hash_Abierto;140000;4707
13;auspol2019;Hash_Abierto;150000;5029
13;auspol2019;Hash_Abierto;160000;5394
13;auspol2019;Hash_Abierto;170000;5742
13;auspol2019;Hash_Abierto;180000;6043
13;auspol2019;Cerrado_Lineal;10000;363
13;auspol2019;Cerrado_Lineal;20000;734
13;auspol2019;Cerrado_Lineal;30000;1113
13;auspol2019;Cerrado_Lineal;40000;1459
13;auspol2019;Cerrado_Lineal;50000;1804
13;auspol2019;Cerrado_Lineal;60000;2177
13;auspol2019;Cerrado_Lineal;70000;2521
13;auspol2019;Cerrado_Lineal;80000;2879
13;auspol2019;Cerrado_Lineal;90000;3212
13;auspol2019;Cerrado_Lineal;100000;3530
13;auspol2019;Cerrado_Lineal;110000;3842
13;auspol2019;Cerrado_Lineal;120000;4169
13;auspol2019;Cerrado_Lineal;130000;4479
13;auspol2019;Cerrado_Lineal;140000;4781
13;auspol2019;Cerrado_Lineal;150000;5120
13;auspol2019;Cerrado_Lineal;160000;5498
13;auspol2019;Cerrado_Lineal;170000;5846
13;auspol2019;Cerrado_Lineal;180000;6166
13;auspol2019;Cerrado_Cuadratico;10000;334
13;auspol2019;Cerrado_Cuadratico;20000;696
13;auspol2019;Cerrado_Cuadratico;30000;1057
13;auspol2019;Cerrado_Cuadratico;40000;1389
13;auspol2019;Cerrado_Cuadratico;50000;1733
13;auspol2019;Cerrado_Cuadratico;60000;2082
13;auspol2019;Cerrado_Cuadratico;70000;2529
13;auspol2019;Cerrado_Cuadratico;80000;3065
13;auspol2019;Cerrado_Cuadratico;90000;3617
13;auspol2019;Cerrado_Cuadratico;100000;4108
13;auspol2019;Cerrado_Cuadratico;110000;4526
13;auspol2019;Cerrado_Cuadratico;120000;4844
13;auspol2019;Cerrado_Cuadratico;130000;5155
13;auspol2019;Cerrado_Cuadratico;140000;5453
13;auspol2019;Cerrado_Cuadratico;150000;5812
13;auspol2019;Cerrado_Cuadratico;160000;6205
13;auspol2019;Cerrado_Cuadratico;170000;6562
13;auspol2019;Cerrado_Cuadratico;180000;6874
13;auspol2019;Cerrado_Doble;10000;555
13;auspol2019;Cerrado_Doble;20000;1137
13;auspol2019;Cerrado_Doble;30000;1718
13;auspol2019;Cerrado_Doble;40000;2279
13;auspol2019;Cerrado_Doble;50000;2834
13;auspol2019;Cerrado_Doble;60000;3399
13;auspol2019;Cerrado_Doble;70000;3944
13;auspol2019;Cerrado_Doble;80000;4517
13;auspol2019;Cerrado_Doble;90000;5044
13;auspol2019;Cerrado_Doble;100000;5577
13;auspol2019;Cerrado_Doble;110000;6090
13;auspol2019;Cerrado_Doble;120000;6673
13;auspol2019;Cerrado_Doble;130000;7200
13;auspol2019;Cerrado_Doble;140000;7720
13;auspol2019;Cerrado_Doble;150000;8271
13;auspol2019;Cerrado_Doble;160000;8846
13;auspol2019;Cerrado_Doble;170000;9396
13;auspol2019;Cerrado_Doble;180000;9888
13;auspol2019;STL_UnorderedMap;10000;271
13;auspol2019;STL_UnorderedMap;20000;556
13;auspol2019;STL_UnorderedMap;30000;866
13;auspol2019;STL_UnorderedMap;40000;1131
13;auspol2019;STL_UnorderedMap;50000;1396
13;auspol2019;STL_UnorderedMap;60000;1677
13;auspol2019;STL_UnorderedMap;70000;1966
13;auspol2019;STL_UnorderedMap;80000;2266
13;auspol2019;STL_UnorderedMap;90000;2520
13;auspol2019;STL_UnorderedMap;100000;2768
13;auspol2019;STL_UnorderedMap;110000;3017
13;auspol2019;STL_UnorderedMap;120000;3254
13;auspol2019;STL_UnorderedMap;130000;3486
13;auspol2019;STL_UnorderedMap;140000;3707
13;auspol2019;STL_UnorderedMap;150000;3965
13;auspol2019;STL_UnorderedMap;160000;4277
13;auspol2019;STL_UnorderedMap;170000;4551
13;auspol2019;STL_UnorderedMap;180000;4797
14;auspol2019;Hash_Abierto;10000;370
14;auspol2019;Hash_Abierto;20000;767
14;auspol2019;Hash_Abierto;30000;1156
14;auspol2019;Hash_Abierto;40000;1509
14;auspol2019;Hash_Abierto;50000;1852
14;auspol2019;Hash_Abierto;60000;2209
14;auspol2019;Hash_Abierto;70000;2559
14;auspol2019;Hash_Abierto;80000;2911
14;auspol2019;Hash_Abierto;90000;3227
14;auspol2019;Hash_Abierto;100000;3536
14;auspol2019;Hash_Abierto;110000;3833
14;auspol2019;Hash_Abierto;120000;4129
14;auspol2019;Hash_Abierto;130000;4423
14;auspol2019;Hash_Abierto;140000;4711
14;auspol2019;Hash_Abierto;150000;5023
14;auspol2019;Hash_Abierto;160000;5443
14;auspol2019;Hash_Abierto;170000;5795
14;auspol2019;Hash_Abierto;180000;6099
14;auspol2019;Cerrado_Lineal;10000;377
14;auspol2019;Cerrado_Lineal;20000;743
14;auspol2019;Cerrado_Lineal;30000;1131
14;auspol2019;Cerrado_Lineal;40000;1476
14;auspol2019;Cerrado_Lineal;50000;1819
14;auspol2019;Cerrado_Lineal;60000;2188
14;auspol2019;Cerrado_Lineal;70000;2538
14;auspol2019;Cerrado_Lineal;80000;2890
14;auspol2019;Cerrado_Lineal;90000;3226
14;auspol2019;Cerrado_Lineal;100000;3543
14;auspol2019;Cerrado_Lineal;110000;3900
14;auspol2019;Cerrado_Lineal;120000;4217
14;auspol2019;Cerrado_Lineal;130000;4529
14;auspol2019;Cerrado_Lineal;140000;4833
14;auspol2019;Cerrado_Lineal;150000;5189
14;auspol2019;Cerrado_Lineal;160000;5579
14;auspol2019;Cerrado_Lineal;170000;5944
14;auspol2019;Cerrado_Lineal;180000;6258
14;auspol2019;Cerrado_Cuadratico;10000;362
14;auspol2019;Cerrado_Cuadratico;20000;717
14;auspol2019;Cerrado_Cuadratico;30000;1079
14;auspol2019;Cerrado_Cuadratico;40000;1411
14;auspol2019;Cerrado_Cuadratico;50000;1742
14;auspol2019;Cerrado_Cuadratico;60000;2089
14;auspol2019;Cerrado_Cuadratico;70000;2427
14;auspol2019;Cerrado_Cuadratico;80000;2755
14;auspol2019;Cerrado_Cuadratico;90000;3053
14;auspol2019;Cerrado_Cuadratico;100000;3357
14;auspol2019;Cerrado_Cuadratico;110000;3644
14;auspol2019;Cerrado_Cuadratico;120000;4124
14;auspol2019;Cerrado_Cuadratico;130000;4443
14;auspol2019;Cerrado_Cuadratico;140000;4756
14;auspol2019;Cerrado_Cuadratico;150000;5097
14;auspol2019;Cerrado_Cuadratico;160000;5492
14;auspol2019;Cerrado_Cuadratico;170000;5844
14;auspol2019;Cerrado_Cuadratico;180000;6157
14;auspol2019;Cerrado_Doble;10000;605
14;auspol2019;Cerrado_Doble;20000;1190
14;auspol2019;Cerrado_Doble;30000;1761
14;auspol2019;Cerrado_Doble;40000;2291
14;auspol2019;Cerrado_Doble;50000;2838
14;auspol2019;Cerrado_Doble;60000;3410
14;auspol2019;Cerrado_Doble;70000;3959
14;auspol2019;Cerrado_Doble;80000;4561
14;auspol2019;Cerrado_Doble;90000;5107
14;auspol2019;Cerrado_Doble;100000;5636
14;auspol2019;Cerrado_Doble;110000;6160
14;auspol2019;Cerrado_Doble;120000;6732
14;auspol2019;Cerrado_Doble;130000;7276
14;auspol2019;Cerrado_Doble;140000;7787
14;auspol2019;Cerrado_Doble;150000;8347
14;auspol2019;Cerrado_Doble;160000;8966
14;auspol2019;Cerrado_Doble;170000;9540
14;auspol2019;Cerrado_Doble;180000;10081
14;auspol2019;STL_UnorderedMap;10000;273
14;auspol2019;STL_UnorderedMap;20000;573
14;auspol2019;STL_UnorderedMap;30000;867
14;auspol2019;STL_UnorderedMap;40000;1131
14;auspol2019;STL_UnorderedMap;50000;1394
14;auspol2019;STL_UnorderedMap;60000;1673
14;auspol2019;STL_UnorderedMap;70000;1956
14;auspol2019;STL_UnorderedMap;80000;2250
14;auspol2019;STL_UnorderedMap;90000;2522
14;auspol2019;STL_UnorderedMap;100000;2775
14;auspol2019;STL_UnorderedMap;110000;3013
14;auspol2019;STL_UnorderedMap;120000;3302
14;auspol2019;STL_UnorderedMap;130000;3543
14;auspol2019;STL_UnorderedMap;140000;3768
14;auspol2019;STL_UnorderedMap;150000;4028
14;auspol2019;STL_UnorderedMap;160000;4326
14;auspol2019;STL_UnorderedMap;170000;4618
14;auspol2019;STL_UnorderedMap;180000;4866
15;auspol2019;Hash_Abierto;10000;393
15;auspol2019;Hash_Abierto;20000;787
15;auspol2019;Hash_Abierto;30000;1184
15;auspol2019;Hash_Abierto;40000;1527
15;auspol2019;Hash_Abierto;50000;1869
15;auspol2019;Hash_Abierto;60000;2230
15;auspol2019;Hash_Abierto;70000;2570
15;auspol2019;Hash_Abierto;80000;2940
15;auspol2019;Hash_Abierto;90000;3263
15;auspol2019;Hash_Abierto;100000;3579
15;auspol2019;Hash_Abierto;110000;3882
15;auspol2019;Hash_Abierto;120000;4193
15;auspol2019;Hash_Abierto;130000;4493
15;auspol2019;Hash_Abierto;140000;4783
15;auspol2019;Hash_Abierto;150000;5114
15;auspol2019;Hash_Abierto;160000;5493
15;auspol2019;Hash_Abierto;170000;5912
15;auspol2019;Hash_Abierto;180000;6296
15;auspol2019;Cerrado_Lineal;10000;367
15;auspol2019;Cerrado_Lineal;20000;760
15;auspol2019;Cerrado_Lineal;30000;1148
15;auspol2019;Cerrado_Lineal;40000;1514
15;auspol2019;Cerrado_Lineal;50000;1866
15;auspol2019;Cerrado_Lineal;60000;2234
15;auspol2019;Cerrado_Lineal;70000;2583
15;auspol2019;Cerrado_Lineal;80000;2944
15;auspol2019;Cerrado_Lineal;90000;3271
15;auspol2019;Cerrado_Lineal;100000;3604
15;auspol2019;Cerrado_Lineal;110000;3920
15;auspol2019;Cerrado_Lineal;120000;4240
15;auspol2019;Cerrado_Lineal;130000;4563
15;auspol2019;Cerrado_Lineal;140000;4868
15;auspol2019;Cerrado_Lineal;150000;5212
15;auspol2019;Cerrado_Lineal;160000;5610
15;auspol2019;Cerrado_Lineal;170000;5965
15;auspol2019;Cerrado_Lineal;180000;6279
15;auspol2019;Cerrado_Cuadratico;10000;336
15;auspol2019;Cerrado_Cuadratico;20000;692
15;auspol2019;Cerrado_Cuadratico;30000;1070
15;auspol2019;Cerrado_Cuadratico;40000;1405
15;auspol2019;Cerrado_Cuadratico;50000;1754
15;auspol2019;Cerrado_Cuadratico;60000;2106
15;auspol2019;Cerrado_Cuadratico;70000;2441
15;auspol2019;Cerrado_Cuadratico;80000;2803
15;auspol2019;Cerrado_Cuadratico;90000;3121
15;auspol2019;Cerrado_Cuadratico;100000;3433
15;auspol2019;Cerrado_Cuadratico;110000;3755
15;auspol2019;Cerrado_Cuadratico;120000;4060
15;auspol2019;Cerrado_Cuadratico;130000;4364
15;auspol2019;Cerrado_Cuadratico;140000;4658
15;auspol2019;Cerrado_Cuadratico;150000;4999
15;auspol2019;Cerrado_Cuadratico;160000;5368
15;auspol2019;Cerrado_Cuadratico;170000;5719
15;auspol2019;Cerrado_Cuadratico;180000;6025
15;auspol2019;Cerrado_Doble;10000;558
15;auspol2019;Cerrado_Doble;20000;1643
15;auspol2019;Cerrado_Doble;30000;2252
15;auspol2019;Cerrado_Doble;40000;2884
15;auspol2019;Cerrado_Doble;50000;3506
15;auspol2019;Cerrado_Doble;60000;4150
15;auspol2019;Cerrado_Doble;70000;4764
15;auspol2019;Cerrado_Doble;80000;5406
15;auspol2019;Cerrado_Doble;90000;5983
15;auspol2019;Cerrado_Doble;100000;6565
15;auspol2019;Cerrado_Doble;110000;7118
15;auspol2019;Cerrado_Doble;120000;7687
15;auspol2019;Cerrado_Doble;130000;8266
15;auspol2019;Cerrado_Doble;140000;8816
15;auspol2019;Cerrado_Doble;150000;9538
15;auspol2019;Cerrado_Doble;160000;10360
15;auspol2019;Cerrado_Doble;170000;11057
15;auspol2019;Cerrado_Doble;180000;11668
15;auspol2019;STL_UnorderedMap;10000;277
15;auspol2019;STL_UnorderedMap;20000;562
15;auspol2019;STL_UnorderedMap;30000;858
15;auspol2019;STL_UnorderedMap;40000;1120
15;auspol2019;STL_UnorderedMap;50000;1404
15;auspol2019;STL_UnorderedMap;60000;1690
15;auspol2019;STL_UnorderedMap;70000;1973
15;auspol2019;STL_UnorderedMap;80000;2261
15;auspol2019;STL_UnorderedMap;90000;2515
15;auspol2019;STL_UnorderedMap;100000;2763
15;auspol2019;STL_UnorderedMap;110000;3043
15;auspol2019;STL_UnorderedMap;120000;3287
15;auspol2019;STL_UnorderedMap;130000;3523
15;auspol2019;STL_UnorderedMap;140000;3746
15;auspol2019;STL_UnorderedMap;150000;4022
15;auspol2019;STL_UnorderedMap;160000;4357
15;auspol2019;STL_UnorderedMap;170000;4656
15;auspol2019;STL_UnorderedMap;180000;4909
16;auspol2019;Hash_Abierto;10000;546
16;auspol2019;Hash_Abierto;20000;982
16;auspol2019;Hash_Abierto;30000;1388
16;auspol2019;Hash_Abierto;40000;1743
16;auspol2019;Hash_Abierto;50000;2097
16;auspol2019;Hash_Abierto;60000;2484
16;auspol2019;Hash_Abierto;70000;2865
16;auspol2019;Hash_Abierto;80000;3218
16;auspol2019;Hash_Abierto;90000;3533
16;auspol2019;Hash_Abierto;100000;3837
16;auspol2019;Hash_Abierto;110000;4144
16;auspol2019;Hash_Abierto;120000;4455
16;auspol2019;Hash_Abierto;130000;4759
16;auspol2019;Hash_Abierto;140000;5053
16;auspol2019;Hash_Abierto;150000;5438
16;auspol2019;Hash_Abierto;160000;5882
16;auspol2019;Hash_Abierto;170000;6284
16;auspol2019;Hash_Abierto;180000;6618
16;auspol2019;Cerrado_Lineal;10000;360
16;auspol2019;Cerrado_Lineal;20000;737
16;auspol2019;Cerrado_Lineal;30000;1136
16;auspol2019;Cerrado_Lineal;40000;1489
16;auspol2019;Cerrado_Lineal;50000;1854
16;auspol2019;Cerrado_Lineal;60000;2224
16;auspol2019;Cerrado_Lineal;70000;2584
16;auspol2019;Cerrado_Lineal;80000;2947
16;auspol2019;Cerrado_Lineal;90000;3276
16;auspol2019;Cerrado_Lineal;100000;3598
16;auspol2019;Cerrado_Lineal;110000;3926
16;auspol2019;Cerrado_Lineal;120000;4242
16;auspol2019;Cerrado_Lineal;130000;4561
16;auspol2019;Cerrado_Lineal;140000;4920
16;auspol2019;Cerrado_Lineal;150000;5283
16;auspol2019;Cerrado_Lineal;160000;5699
16;auspol2019;Cerrado_Lineal;170000;6082
16;auspol2019;Cerrado_Lineal;180000;6402
16;auspol2019;Cerrado_Cuadratico;10000;334
16;auspol2019;Cerrado_Cuadratico;20000;706
16;auspol2019;Cerrado_Cuadratico;30000;1082
16;auspol2019;Cerrado_Cuadratico;40000;1417
16;auspol2019;Cerrado_Cuadratico;50000;1751
16;auspol2019;Cerrado_Cuadratico;60000;2110
16;auspol2019;Cerrado_Cuadratico;70000;2444
16;auspol2019;Cerrado_Cuadratico;80000;2819
16;auspol2019;Cerrado_Cuadratico;90000;3143
16;auspol2019;Cerrado_Cuadratico;100000;3455
16;auspol2019;Cerrado_Cuadratico;110000;3759
16;auspol2019;Cerrado_Cuadratico;120000;4062
16;auspol2019;Cerrado_Cuadratico;130000;4363
16;auspol2019;Cerrado_Cuadratico;140000;4656
16;auspol2019;Cerrado_Cuadratico;150000;4996
16;auspol2019;Cerrado_Cuadratico;160000;5371
16;auspol2019;Cerrado_Cuadratico;170000;5713
16;auspol2019;Cerrado_Cuadratico;180000;6028
16;auspol2019;Cerrado_Doble;10000;556
16;auspol2019;Cerrado_Doble;20000;1131
16;auspol2019;Cerrado_Doble;30000;1712
16;auspol2019;Cerrado_Doble;40000;2256
16;auspol2019;Cerrado_Doble;50000;2819
16;auspol2019;Cerrado_Doble;60000;3387
16;auspol2019;Cerrado_Doble;70000;3962
16;auspol2019;Cerrado_Doble;80000;4523
16;auspol2019;Cerrado_Doble;90000;5050
16;auspol2019;Cerrado_Doble;100000;5560
16;auspol2019;Cerrado_Doble;110000;6061
16;auspol2019;Cerrado_Doble;120000;6573
16;auspol2019;Cerrado_Doble;130000;7092
16;auspol2019;Cerrado_Doble;140000;7856
16;auspol2019;Cerrado_Doble;150000;8424
16;auspol2019;Cerrado_Doble;160000;9043
16;auspol2019;Cerrado_Doble;170000;9611
16;auspol2019;Cerrado_Doble;180000;10124
16;auspol2019;STL_UnorderedMap;10000;273
16;auspol2019;STL_UnorderedMap;20000;573
16;auspol2019;STL_UnorderedMap;30000;879
16;auspol2019;STL_UnorderedMap;40000;1142
16;auspol2019;STL_UnorderedMap;50000;1406
16;auspol2019;STL_UnorderedMap;60000;1685
16;auspol2019;STL_UnorderedMap;70000;1952
16;auspol2019;STL_UnorderedMap;80000;2236
16;auspol2019;STL_UnorderedMap;90000;2506
16;auspol2019;STL_UnorderedMap;100000;2758
16;auspol2019;STL_UnorderedMap;110000;2996
16;auspol2019;STL_UnorderedMap;120000;3233
16;auspol2019;STL_UnorderedMap;130000;3465
16;auspol2019;STL_UnorderedMap;140000;3688
16;auspol2019;STL_UnorderedMap;150000;3963
16;auspol2019;STL_UnorderedMap;160000;4260
16;auspol2019;STL_UnorderedMap;170000;4551
16;auspol2019;STL_UnorderedMap;180000;4811
17;auspol2019;Hash_Abierto;10000;373
17;auspol2019;Hash_Abierto;20000;752
17;auspol2019;Hash_Abierto;30000;1142
17;auspol2019;Hash_Abierto;40000;1475
17;auspol2019;Hash_Abierto;50000;1808
17;auspol2019;Hash_Abierto;60000;2166
17;auspol2019;Hash_Abierto;70000;2497
17;auspol2019;Hash_Abierto;80000;2842
17;auspol2019;Hash_Abierto;90000;3175
17;auspol2019;Hash_Abierto;100000;3503
17;auspol2019;Hash_Abierto;110000;3806
17;auspol2019;Hash_Abierto;120000;4106
17;auspol2019;Hash_Abierto;130000;4402
17;auspol2019;Hash_Abierto;140000;4945
17;auspol2019;Hash_Abierto;150000;5671
17;auspol2019;Hash_Abierto;160000;6055
17;auspol2019;Hash_Abierto;170000;6394
17;auspol2019;Hash_Abierto;180000;6773
17;auspol2019;Cerrado_Lineal;10000;372
17;auspol2019;Cerrado_Lineal;20000;749
17;auspol2019;Cerrado_Lineal;30000;1141
17;auspol2019;Cerrado_Lineal;40000;1494
17;auspol2019;Cerrado_Lineal;50000;1845
17;auspol2019;Cerrado_Lineal;60000;2227
17;auspol2019;Cerrado_Lineal;70000;2578
17;auspol2019;Cerrado_Lineal;80000;2959
17;auspol2019;Cerrado_Lineal;90000;3291
17;auspol2019;Cerrado_Lineal;100000;3614
17;auspol2019;Cerrado_Lineal;110000;3930
17;auspol2019;Cerrado_Lineal;120000;4254
17;auspol2019;Cerrado_Lineal;130000;4566
17;auspol2019;Cerrado_Lineal;140000;4870
17;auspol2019;Cerrado_Lineal;150000;5215
17;auspol2019;Cerrado_Lineal;160000;5603
17;auspol2019;Cerrado_Lineal;170000;5958
17;auspol2019;Cerrado_Lineal;180000;6284
17;auspol2019;Cerrado_Cuadratico;10000;345
17;auspol2019;Cerrado_Cuadratico;20000;707
17;auspol2019;Cerrado_Cuadratico;30000;1087
17;auspol2019;Cerrado_Cuadratico;40000;1433
17;auspol2019;Cerrado_Cuadratico;50000;1767
17;auspol2019;Cerrado_Cuadratico;60000;2117
17;auspol2019;Cerrado_Cuadratico;70000;2450
17;auspol2019;Cerrado_Cuadratico;80000;2793
17;auspol2019;Cerrado_Cuadratico;90000;3108
17;auspol2019;Cerrado_Cuadratico;100000;3432
17;auspol2019;Cerrado_Cuadratico;110000;3738
17;auspol2019;Cerrado_Cuadratico;120000;4041
17;auspol2019;Cerrado_Cuadratico;130000;4352
17;auspol2019;Cerrado_Cuadratico;140000;4646
17;auspol2019;Cerrado_Cuadratico;150000;4973
17;auspol2019;Cerrado_Cuadratico;160000;5350
17;auspol2019;Cerrado_Cuadratico;170000;6229
17;auspol2019;Cerrado_Cuadratico;180000;6686
17;auspol2019;Cerrado_Doble;10000;568
17;auspol2019;Cerrado_Doble;20000;1160
17;auspol2019;Cerrado_Doble;30000;1749
17;auspol2019;Cerrado_Doble;40000;2312
17;auspol2019;Cerrado_Doble;50000;2864
17;auspol2019;Cerrado_Doble;60000;3433
17;auspol2019;Cerrado_Doble;70000;3980
17;auspol2019;Cerrado_Doble;80000;4559
17;auspol2019;Cerrado_Doble;90000;5128
17;auspol2019;Cerrado_Doble;100000;5659
17;auspol2019;Cerrado_Doble;110000;6189
17;auspol2019;Cerrado_Doble;120000;6706
17;auspol2019;Cerrado_Doble;130000;7226
17;auspol2019;Cerrado_Doble;140000;7733
17;auspol2019;Cerrado_Doble;150000;8292
17;auspol2019;Cerrado_Doble;160000;8898
17;auspol2019;Cerrado_Doble;170000;9473
17;auspol2019;Cerrado_Doble;180000;9985
17;auspol2019;STL_UnorderedMap;10000;270
17;auspol2019;STL_UnorderedMap;20000;552
17;auspol2019;STL_UnorderedMap;30000;842
17;auspol2019;STL_UnorderedMap;40000;1102
17;auspol2019;STL_UnorderedMap;50000;1381
17;auspol2019;STL_UnorderedMap;60000;1663
17;auspol2019;STL_UnorderedMap;70000;1943
17;auspol2019;STL_UnorderedMap;80000;2225
17;auspol2019;STL_UnorderedMap;90000;2476
17;auspol2019;STL_UnorderedMap;100000;2731
17;auspol2019;STL_UnorderedMap;110000;2968
17;auspol2019;STL_UnorderedMap;120000;3202
17;auspol2019;STL_UnorderedMap;130000;3431
17;auspol2019;STL_UnorderedMap;140000;3651
17;auspol2019;STL_UnorderedMap;150000;3994
17;auspol2019;STL_UnorderedMap;160000;4309
17;auspol2019;STL_UnorderedMap;170000;4619
17;auspol2019;STL_UnorderedMap;180000;4873
18;auspol2019;Hash_Abierto;10000;382
18;auspol2019;Hash_Abierto;20000;767
18;auspol2019;Hash_Abierto;30000;1172
18;auspol2019;Hash_Abierto;40000;1501
18;auspol2019;Hash_Abierto;50000;1828
18;auspol2019;Hash_Abierto;60000;2199
18;auspol2019;Hash_Abierto;70000;2538
18;auspol2019;Hash_Abierto;80000;2866
18;auspol2019;Hash_Abierto;90000;3156
18;auspol2019;Hash_Abierto;100000;3438
18;auspol2019;Hash_Abierto;110000;3707
18;auspol2019;Hash_Abierto;120000;3999
18;auspol2019;Hash_Abierto;130000;4298
18;auspol2019;Hash_Abierto;140000;4586
18;auspol2019;Hash_Abierto;150000;4912
18;auspol2019;Hash_Abierto;160000;5291
18;auspol2019;Hash_Abierto;170000;5634
18;auspol2019;Hash_Abierto;180000;5951
18;auspol2019;Cerrado_Lineal;10000;356
18;auspol2019;Cerrado_Lineal;20000;742
18;auspol2019;Cerrado_Lineal;30000;1135
18;auspol2019;Cerrado_Lineal;40000;1482
18;auspol2019;Cerrado_Lineal;50000;1841
18;auspol2019;Cerrado_Lineal;60000;2205
18;auspol2019;Cerrado_Lineal;70000;2550
18;auspol2019;Cerrado_Lineal;80000;2918
18;auspol2019;Cerrado_Lineal;90000;3244
18;auspol2019;Cerrado_Lineal;100000;3563
18;auspol2019;Cerrado_Lineal;110000;3875
18;auspol2019;Cerrado_Lineal;120000;4184
18;auspol2019;Cerrado_Lineal;130000;4494
18;auspol2019;Cerrado_Lineal;140000;4814
18;auspol2019;Cerrado_Lineal;150000;5157
18;auspol2019;Cerrado_Lineal;160000;5542
18;auspol2019;Cerrado_Lineal;170000;5906
18;auspol2019;Cerrado_Lineal;180000;6221
18;auspol2019;Cerrado_Cuadratico;10000;341
18;auspol2019;Cerrado_Cuadratico;20000;698
18;auspol2019;Cerrado_Cuadratico;30000;1064
18;auspol2019;Cerrado_Cuadratico;40000;1398
18;auspol2019;Cerrado_Cuadratico;50000;1732
18;auspol2019;Cerrado_Cuadratico;60000;2095
18;auspol2019;Cerrado_Cuadratico;70000;2430
18;auspol2019;Cerrado_Cuadratico;80000;2775
18;auspol2019;Cerrado_Cuadratico;90000;3100
18;auspol2019;Cerrado_Cuadratico;100000;3413
18;auspol2019;Cerrado_Cuadratico;110000;3719
18;auspol2019;Cerrado_Cuadratico;120000;4033
18;auspol2019;Cerrado_Cuadratico;130000;4343
18;auspol2019;Cerrado_Cuadratico;140000;4638
18;auspol2019;Cerrado_Cuadratico;150000;4968
18;auspol2019;Cerrado_Cuadratico;160000;5348
18;auspol2019;Cerrado_Cuadratico;170000;5692
18;auspol2019;Cerrado_Cuadratico;180000;6010
18;auspol2019;Cerrado_Doble;10000;547
18;auspol2019;Cerrado_Doble;20000;1134
18;auspol2019;Cerrado_Doble;30000;1731
18;auspol2019;Cerrado_Doble;40000;2278
18;auspol2019;Cerrado_Doble;50000;2826
18;auspol2019;Cerrado_Doble;60000;3391
18;auspol2019;Cerrado_Doble;70000;3983
18;auspol2019;Cerrado_Doble;80000;4547
18;auspol2019;Cerrado_Doble;90000;5095
18;auspol2019;Cerrado_Doble;100000;5618
18;auspol2019;Cerrado_Doble;110000;6119
18;auspol2019;Cerrado_Doble;120000;6618
18;auspol2019;Cerrado_Doble;130000;7118
18;auspol2019;Cerrado_Doble;140000;7624
18;auspol2019;Cerrado_Doble;150000;8170
18;auspol2019;Cerrado_Doble;160000;8780
18;auspol2019;Cerrado_Doble;170000;9460
18;auspol2019;Cerrado_Doble;180000;10112
18;auspol2019;STL_UnorderedMap;10000;280
18;auspol2019;STL_UnorderedMap;20000;566
18;auspol2019;STL_UnorderedMap;30000;874
18;auspol2019;STL_UnorderedMap;40000;1138
18;auspol2019;STL_UnorderedMap;50000;1403
18;auspol2019;STL_UnorderedMap;60000;1684
18;auspol2019;STL_UnorderedMap;70000;1966
18;auspol2019;STL_UnorderedMap;80000;2253
18;auspol2019;STL_UnorderedMap;90000;2509
18;auspol2019;STL_UnorderedMap;100000;2757
18;auspol2019;STL_UnorderedMap;110000;3010
18;auspol2019;STL_UnorderedMap;120000;3251
18;auspol2019;STL_UnorderedMap;130000;3485
18;auspol2019;STL_UnorderedMap;140000;3718
18;auspol2019;STL_UnorderedMap;150000;3980
18;auspol2019;STL_UnorderedMap;160000;4311
18;auspol2019;STL_UnorderedMap;170000;4593
18;auspol2019;STL_UnorderedMap;180000;4844
19;auspol2019;Hash_Abierto;10000;441
19;auspol2019;Hash_Abierto;20000;887
19;auspol2019;Hash_Abierto;30000;1271
19;auspol2019;Hash_Abierto;40000;1604
19;auspol2019;Hash_Abierto;50000;1938
19;auspol2019;Hash_Abierto;60000;2373
19;auspol2019;Hash_Abierto;70000;2751
19;auspol2019;Hash_Abierto;80000;3130
19;auspol2019;Hash_Abierto;90000;3487
19;auspol2019;Hash_Abierto;100000;3816
19;auspol2019;Hash_Abierto;110000;4179
19;auspol2019;Hash_Abierto;120000;4499
19;auspol2019;Hash_Abierto;130000;4809
19;auspol2019;Hash_Abierto;140000;5108
19;auspol2019;Hash_Abierto;150000;5454
19;auspol2019;Hash_Abierto;160000;5844
19;auspol2019;Hash_Abierto;170000;6211
19;auspol2019;Hash_Abierto;180000;6525
19;auspol2019;Cerrado_Lineal;10000;391
19;auspol2019;Cerrado_Lineal;20000;774
19;auspol2019;Cerrado_Lineal;30000;1262
19;auspol2019;Cerrado_Lineal;40000;1621
19;auspol2019;Cerrado_Lineal;50000;1981
19;auspol2019;Cerrado_Lineal;60000;2377
19;auspol2019;Cerrado_Lineal;70000;2748
19;auspol2019;Cerrado_Lineal;80000;3135
19;auspol2019;Cerrado_Lineal;90000;3483
19;auspol2019;Cerrado_Lineal;100000;3824
19;auspol2019;Cerrado_Lineal;110000;4167
19;auspol2019;Cerrado_Lineal;120000;4510
19;auspol2019;Cerrado_Lineal;130000;4875
19;auspol2019;Cerrado_Lineal;140000;5197
19;auspol2019;Cerrado_Lineal;150000;5590
19;auspol2019;Cerrado_Lineal;160000;6083
19;auspol2019;Cerrado_Lineal;170000;6513
19;auspol2019;Cerrado_Lineal;180000;6871
19;auspol2019;Cerrado_Cuadratico;10000;341
19;auspol2019;Cerrado_Cuadratico;20000;738
19;auspol2019;Cerrado_Cuadratico;30000;1117
19;auspol2019;Cerrado_Cuadratico;40000;1460
19;auspol2019;Cerrado_Cuadratico;50000;1809
19;auspol2019;Cerrado_Cuadratico;60000;2211
19;auspol2019;Cerrado_Cuadratico;70000;2633
19;auspol2019;Cerrado_Cuadratico;80000;3139
19;auspol2019;Cerrado_Cuadratico;90000;3592
19;auspol2019;Cerrado_Cuadratico;100000;3953
19;auspol2019;Cerrado_Cuadratico;110000;4294
19;auspol2019;Cerrado_Cuadratico;120000;4680
19;auspol2019;Cerrado_Cuadratico;130000;5052
19;auspol2019;Cerrado_Cuadratico;140000;5397
19;auspol2019;Cerrado_Cuadratico;150000;5877
19;auspol2019;Cerrado_Cuadratico;160000;6535
19;auspol2019;Cerrado_Cuadratico;170000;7077
19;auspol2019;Cerrado_Cuadratico;180000;7486
19;auspol2019;Cerrado_Doble;10000;574
19;auspol2019;Cerrado_Doble;20000;1211
19;auspol2019;Cerrado_Doble;30000;1855
19;auspol2019;Cerrado_Doble;40000;2435
19;auspol2019;Cerrado_Doble;50000;3016
19;auspol2019;Cerrado_Doble;60000;3641
19;auspol2019;Cerrado_Doble;70000;4273
19;auspol2019;Cerrado_Doble;80000;4964
19;auspol2019;Cerrado_Doble;90000;5566
19;auspol2019;Cerrado_Doble;100000;6175
19;auspol2019;Cerrado_Doble;110000;6771
19;auspol2019;Cerrado_Doble;120000;7365
19;auspol2019;Cerrado_Doble;130000;8038
19;auspol2019;Cerrado_Doble;140000;8640
19;auspol2019;Cerrado_Doble;150000;9364
19;auspol2019;Cerrado_Doble;160000;10253
19;auspol2019;Cerrado_Doble;170000;11032
19;auspol2019;Cerrado_Doble;180000;11664
19;auspol2019;STL_UnorderedMap;10000;304
19;auspol2019;STL_UnorderedMap;20000;589
19;auspol2019;STL_UnorderedMap;30000;880
19;auspol2019;STL_UnorderedMap;40000;1139
19;auspol2019;STL_UnorderedMap;50000;1402
19;auspol2019;STL_UnorderedMap;60000;1682
19;auspol2019;STL_UnorderedMap;70000;1954
19;auspol2019;STL_UnorderedMap;80000;2259
19;auspol2019;STL_UnorderedMap;90000;2522
19;auspol2019;STL_UnorderedMap;100000;2777
19;auspol2019;STL_UnorderedMap;110000;3017
19;auspol2019;STL_UnorderedMap;120000;3255
19;auspol2019;STL_UnorderedMap;130000;3541
19;auspol2019;STL_UnorderedMap;140000;3772
19;auspol2019;STL_UnorderedMap;150000;4049
19;auspol2019;STL_UnorderedMap;160000;4435
19;auspol2019;STL_UnorderedMap;170000;4733
19;auspol2019;STL_UnorderedMap;180000;4993
20;auspol2019;Hash_Abierto;10000;429
20;auspol2019;Hash_Abierto;20000;889
20;auspol2019;Hash_Abierto;30000;1348
20;auspol2019;Hash_Abierto;40000;1751
20;auspol2019;Hash_Abierto;50000;2161
20;auspol2019;Hash_Abierto;60000;2627
20;auspol2019;Hash_Abierto;70000;3059
20;auspol2019;Hash_Abierto;80000;3572
20;auspol2019;Hash_Abierto;90000;3966
20;auspol2019;Hash_Abierto;100000;4340
20;auspol2019;Hash_Abierto;110000;4678
20;auspol2019;Hash_Abierto;120000;5010
20;auspol2019;Hash_Abierto;130000;5336
20;auspol2019;Hash_Abierto;140000;5647
20;auspol2019;Hash_Abierto;150000;6060
20;auspol2019;Hash_Abierto;160000;6605
20;auspol2019;Hash_Abierto;170000;7055
20;auspol2019;Hash_Abierto;180000;7426
20;auspol2019;Cerrado_Lineal;10000;361
20;auspol2019;Cerrado_Lineal;20000;750
20;auspol2019;Cerrado_Lineal;30000;1191
20;auspol2019;Cerrado_Lineal;40000;1579
20;auspol2019;Cerrado_Lineal;50000;1977
20;auspol2019;Cerrado_Lineal;60000;2400
20;auspol2019;Cerrado_Lineal;70000;2799
20;auspol2019;Cerrado_Lineal;80000;3230
20;auspol2019;Cerrado_Lineal;90000;3595
20;auspol2019;Cerrado_Lineal;100000;4060
20;auspol2019;Cerrado_Lineal;110000;4486
20;auspol2019;Cerrado_Lineal;120000;4867
20;auspol2019;Cerrado_Lineal;130000;5238
20;auspol2019;Cerrado_Lineal;140000;5572
20;auspol2019;Cerrado_Lineal;150000;6019
20;auspol2019;Cerrado_Lineal;160000;6561
20;auspol2019;Cerrado_Lineal;170000;7026
20;auspol2019;Cerrado_Lineal;180000;7407
20;auspol2019;Cerrado_Cuadratico;10000;338
20;auspol2019;Cerrado_Cuadratico;20000;707
20;auspol2019;Cerrado_Cuadratico;30000;1093
20;auspol2019;Cerrado_Cuadratico;40000;1429
20;auspol2019;Cerrado_Cuadratico;50000;1778
20;auspol2019;Cerrado_Cuadratico;60000;2140
20;auspol2019;Cerrado_Cuadratico;70000;2484
20;auspol2019;Cerrado_Cuadratico;80000;2842
20;auspol2019;Cerrado_Cuadratico;90000;3168
20;auspol2019;Cerrado_Cuadratico;100000;3491
20;auspol2019;Cerrado_Cuadratico;110000;3824
20;auspol2019;Cerrado_Cuadratico;120000;4144
20;auspol2019;Cerrado_Cuadratico;130000;4464
20;auspol2019;Cerrado_Cuadratico;140000;4777
20;auspol2019;Cerrado_Cuadratico;150000;5201
20;auspol2019;Cerrado_Cuadratico;160000;5715
20;auspol2019;Cerrado_Cuadratico;170000;6166
20;auspol2019;Cerrado_Cuadratico;180000;6536
20;auspol2019;Cerrado_Doble;10000;584
20;auspol2019;Cerrado_Doble;20000;1165
20;auspol2019;Cerrado_Doble;30000;1772
20;auspol2019;Cerrado_Doble;40000;2329
20;auspol2019;Cerrado_Doble;50000;2912
20;auspol2019;Cerrado_Doble;60000;3518
20;auspol2019;Cerrado_Doble;70000;4103
20;auspol2019;Cerrado_Doble;80000;4739
20;auspol2019;Cerrado_Doble;90000;5313
20;auspol2019;Cerrado_Doble;100000;5946
20;auspol2019;Cerrado_Doble;110000;6520
20;auspol2019;Cerrado_Doble;120000;7084
20;auspol2019;Cerrado_Doble;130000;7661
20;auspol2019;Cerrado_Doble;140000;8216
20;auspol2019;Cerrado_Doble;150000;8961
20;auspol2019;Cerrado_Doble;160000;9906
20;auspol2019;Cerrado_Doble;170000;11005
20;auspol2019;Cerrado_Doble;180000;11827
20;auspol2019;STL_UnorderedMap;10000;280
20;auspol2019;STL_UnorderedMap;20000;564
20;auspol2019;STL_UnorderedMap;30000;855
20;auspol2019;STL_UnorderedMap;40000;1117
20;auspol2019;STL_UnorderedMap;50000;1395
20;auspol2019;STL_UnorderedMap;60000;1679
20;auspol2019;STL_UnorderedMap;70000;1962
20;auspol2019;STL_UnorderedMap;80000;2255
20;auspol2019;STL_UnorderedMap;90000;2510
20;auspol2019;STL_UnorderedMap;100000;2758
20;auspol2019;STL_UnorderedMap;110000;2995
20;auspol2019;STL_UnorderedMap;120000;3234
20;auspol2019;STL_UnorderedMap;130000;3468
20;auspol2019;STL_UnorderedMap;140000;3691
20;auspol2019;STL_UnorderedMap;150000;3976
20;auspol2019;STL_UnorderedMap;160000;4295
20;auspol2019;STL_UnorderedMap;170000;4580
20;auspol2019;STL_UnorderedMap;180000;4834
